model_id,public_name,paper_role,architecture,checkpoint_filename,size_bytes,sha256,generation_routes,zenodo_archive,zenodo_doi
v1_union_min5,UFO-MGen MP20 shared union model (v1_union_min5),Fig. 3 MP20 interpolation benchmark,StructuredWyckoffVectorField shared union model,union/v1_union_min5.pt,7051927,cda9b18a0b955fcb0bf3de6701cc8d3c826cde96bc9a6ef7508ae0e581d95039,shared/union,UFO_MGen_MP20_paper_weights.tar.zst,PENDING
v1_union_min10,UFO-MGen MP20 shared union model (v1_union_min10),Fig. 3 MP20 coverage benchmark,StructuredWyckoffVectorField shared union model,union/v1_union_min10.pt,7019863,11b4cd7a0dd136de9e62706ec0fc4712da62f78d98d38f57550f455e6524762a,shared/union,UFO_MGen_MP20_paper_weights.tar.zst,PENDING
v1_union_min5_topo,UFO-MGen MP20 shared union model (v1_union_min5_topo),Fig. 3 MP20 SG-extrapolation; Stage I AND scaffold identity bypassed (topology_chem_only),StructuredWyckoffVectorField shared union model,union/v1_union_min5_topo.pt,7051863,b83bb8e80f035b1e7a38e2cf18da91d80fb664ec9f27fb5d5bdf674acf377e7d,shared/union,UFO_MGen_MP20_paper_weights.tar.zst,PENDING
SG107_3a_2b,UFO-MGen MP20 per-space-group specialist (SG107_3a_2b),Fig. 3 MP20 per-space-group benchmark pool,StructuredWyckoffVectorField per-space-group specialist,per_sg/SG107_3a_2b.pt,2199319,27ef36b842766f28a9030d2d7e66c59ca6584a5b3cbc4a1b31b412076f18321d,SG107_3a_2b,UFO_MGen_MP20_paper_weights.tar.zst,PENDING
SG119_1a_1c_1d_2e,UFO-MGen MP20 per-space-group specialist (SG119_1a_1c_1d_2e),Fig. 3 MP20 per-space-group benchmark pool,StructuredWyckoffVectorField per-space-group specialist,per_sg/SG119_1a_1c_1d_2e.pt,2199319,4855a961101fff7d7055951f039480fdd651690c6147878058a78f9a912c4d37,SG119_1a_1c_1d_2e,UFO_MGen_MP20_paper_weights.tar.zst,PENDING
SG121_1a_1b_2d_4i,UFO-MGen MP20 per-space-group specialist (SG121_1a_1b_2d_4i),Fig. 3 MP20 per-space-group benchmark pool,StructuredWyckoffVectorField per-space-group specialist,per_sg/SG121_1a_1b_2d_4i.pt,2200919,ebaad6b1985028638e95783b324ff46b5a8452e2c7af0b048b9a8f8325feda49,SG121_1a_1b_2d_4i,UFO_MGen_MP20_paper_weights.tar.zst,PENDING
SG122_2a_2b_4d,UFO-MGen MP20 per-space-group specialist (SG122_2a_2b_4d),Fig. 3 MP20 per-space-group benchmark pool,StructuredWyckoffVectorField per-space-group specialist,per_sg/SG122_2a_2b_4d.pt,2198295,8db314edcc4ade65b0259968af348830c0676b506160cd07912c99836b06a12f,SG122_2a_2b_4d,UFO_MGen_MP20_paper_weights.tar.zst,PENDING
SG122_2a_4d_8e,UFO-MGen MP20 per-space-group specialist (SG122_2a_4d_8e),Fig. 3 MP20 per-space-group benchmark pool,StructuredWyckoffVectorField per-space-group specialist,per_sg/SG122_2a_4d_8e.pt,2201367,4efde7b5b1ddb2087811f23f9d87541516434d88f57027fd208e9fd03d71562d,SG122_2a_4d_8e,UFO_MGen_MP20_paper_weights.tar.zst,PENDING
SG123_1a_1b_1c_1d,UFO-MGen MP20 per-space-group specialist (SG123_1a_1b_1c_1d),Fig. 3 MP20 per-space-group benchmark pool,StructuredWyckoffVectorField per-space-group specialist,per_sg/SG123_1a_1b_1c_1d.pt,2197719,486173423461e937bbe78f1bf5689eab008b07c20f27e74e0ed8216f7d7c6c84,SG123_1a_1b_1c_1d,UFO_MGen_MP20_paper_weights.tar.zst,PENDING
SG123_1a_1b_1c_4i,UFO-MGen MP20 per-space-group specialist (SG123_1a_1b_1c_4i),Fig. 3 MP20 per-space-group benchmark pool,StructuredWyckoffVectorField per-space-group specialist,per_sg/SG123_1a_1b_1c_4i.pt,2199319,ec501585a9fe5e59e59339e546f9a5b78312a46c06366bca48355a78dc678c0f,SG123_1a_1b_1c_4i,UFO_MGen_MP20_paper_weights.tar.zst,PENDING
SG123_1a_1b_2h_4i,UFO-MGen MP20 per-space-group specialist (SG123_1a_1b_2h_4i),Fig. 3 MP20 per-space-group benchmark pool,StructuredWyckoffVectorField per-space-group specialist,per_sg/SG123_1a_1b_2h_4i.pt,2199319,09a0a5a6ddd42c6dad4e43b99315c8ac1092ca9a3aedc4e546dbaf628fcdec70,SG123_1a_1b_2h_4i,UFO_MGen_MP20_paper_weights.tar.zst,PENDING
SG123_1a_1b_2h,UFO-MGen MP20 per-space-group specialist (SG123_1a_1b_2h),Fig. 3 MP20 per-space-group benchmark pool,StructuredWyckoffVectorField per-space-group specialist,per_sg/SG123_1a_1b_2h.pt,2198295,4be4be91260b3d046b7d2df58aafb3ccbceece525108a58c5fd6385a5cd33f8e,SG123_1a_1b_2h,UFO_MGen_MP20_paper_weights.tar.zst,PENDING
SG123_1a_1d,UFO-MGen MP20 per-space-group specialist (SG123_1a_1d),Fig. 3 MP20 per-space-group benchmark pool,StructuredWyckoffVectorField per-space-group specialist,per_sg/SG123_1a_1d.pt,2195671,b2df5369223a3317ad0b2afb6dd1393e521a6d2c573d5fce6b3280f51a9d1ae4,SG123_1a_1d,UFO_MGen_MP20_paper_weights.tar.zst,PENDING
SG127_2a_4g_4h,UFO-MGen MP20 per-space-group specialist (SG127_2a_4g_4h),Fig. 3 MP20 per-space-group benchmark pool,StructuredWyckoffVectorField per-space-group specialist,per_sg/SG127_2a_4g_4h.pt,2198295,20fb074b8c37239b7b9c1d84eef07803da84e0f667316395a930650cb2e2deaf,SG127_2a_4g_4h,UFO_MGen_MP20_paper_weights.tar.zst,PENDING
SG129_2a_2b_4c,UFO-MGen MP20 per-space-group specialist (SG129_2a_2b_4c),Fig. 3 MP20 per-space-group benchmark pool,StructuredWyckoffVectorField per-space-group specialist,per_sg/SG129_2a_2b_4c.pt,2199319,c47f0767568ec15f4409e6c9e5287e949e2fab2f3f47479669c3131550cf7208,SG129_2a_2b_4c,UFO_MGen_MP20_paper_weights.tar.zst,PENDING
SG129_2a_2b_6c,UFO-MGen MP20 per-space-group specialist (SG129_2a_2b_6c),Fig. 3 MP20 per-space-group benchmark pool,StructuredWyckoffVectorField per-space-group specialist,per_sg/SG129_2a_2b_6c.pt,2200407,cb084272afc37e67293415e489bb1a7910f3938354d4f0698c1d882e2f80f0e3,SG129_2a_2b_6c,UFO_MGen_MP20_paper_weights.tar.zst,PENDING
SG129_2a_4c,UFO-MGen MP20 per-space-group specialist (SG129_2a_4c),Fig. 3 MP20 per-space-group benchmark pool,StructuredWyckoffVectorField per-space-group specialist,per_sg/SG129_2a_4c.pt,2198295,5a1d7346d91ad20c9d3f3443d58331a90672eb8a80c6a6901f349272e751b917,SG129_2a_4c,UFO_MGen_MP20_paper_weights.tar.zst,PENDING
SG12_10i,UFO-MGen MP20 per-space-group specialist (SG12_10i),Fig. 3 MP20 per-space-group benchmark pool,StructuredWyckoffVectorField per-space-group specialist,per_sg/SG12_10i.pt,2201943,fa5d8ba88c3a778fff951e7b0f7fb6af19b612e17b8f36b2959ca98ca48cc040,SG12_10i,UFO_MGen_MP20_paper_weights.tar.zst,PENDING
SG12_12i,UFO-MGen MP20 per-space-group specialist (SG12_12i),Fig. 3 MP20 per-space-group benchmark pool,StructuredWyckoffVectorField per-space-group specialist,per_sg/SG12_12i.pt,2202967,db49642b60af0ff74d9daf94e7bc7f2a9eb4e5b40aeabd2367ba280f3d2a48df,SG12_12i,UFO_MGen_MP20_paper_weights.tar.zst,PENDING
SG12_1a_1b_1c_1d_2e_2f_4i_4j,UFO-MGen MP20 per-space-group specialist (SG12_1a_1b_1c_1d_2e_2f_4i_4j),Fig. 3 MP20 per-space-group benchmark pool,StructuredWyckoffVectorField per-space-group specialist,per_sg/SG12_1a_1b_1c_1d_2e_2f_4i_4j.pt,2207575,efdaec0bddd9536958774966fa65c92a48da056876cec285ef308c5a53c753c0,SG12_1a_1b_1c_1d_2e_2f_4i_4j,UFO_MGen_MP20_paper_weights.tar.zst,PENDING
SG12_1a_6i,UFO-MGen MP20 per-space-group specialist (SG12_1a_6i),Fig. 3 MP20 per-space-group benchmark pool,StructuredWyckoffVectorField per-space-group specialist,per_sg/SG12_1a_6i.pt,2200919,7796a1c66d3f7cfa6900fcee146818421cc5e9a0fab948557a32582002013f3c,SG12_1a_6i,UFO_MGen_MP20_paper_weights.tar.zst,PENDING
SG12_6i,UFO-MGen MP20 per-space-group specialist (SG12_6i),Fig. 3 MP20 per-space-group benchmark pool,StructuredWyckoffVectorField per-space-group specialist,per_sg/SG12_6i.pt,2199831,5728559618cc0ffb15b14b2b0ee47b467609760c859e082d6ba7d4b525ba4be5,SG12_6i,UFO_MGen_MP20_paper_weights.tar.zst,PENDING
SG136_2a_4f,UFO-MGen MP20 per-space-group specialist (SG136_2a_4f),Fig. 3 MP20 per-space-group benchmark pool,StructuredWyckoffVectorField per-space-group specialist,per_sg/SG136_2a_4f.pt,2197271,0425ede8c8f727180437fbaa9d52732009be899c6c7a53a549c548e5e1ac0eba,SG136_2a_4f,UFO_MGen_MP20_paper_weights.tar.zst,PENDING
SG139_1a_1b_2d,UFO-MGen MP20 per-space-group specialist (SG139_1a_1b_2d),Fig. 3 MP20 per-space-group benchmark pool,StructuredWyckoffVectorField per-space-group specialist,per_sg/SG139_1a_1b_2d.pt,2196695,66755abb3f10aefbe93ec9dcc1f19c3e098f452c25892f4af41b10ae58799650,SG139_1a_1b_2d,UFO_MGen_MP20_paper_weights.tar.zst,PENDING
SG139_1a_2c_4e,UFO-MGen MP20 per-space-group specialist (SG139_1a_2c_4e),Fig. 3 MP20 per-space-group benchmark pool,StructuredWyckoffVectorField per-space-group specialist,per_sg/SG139_1a_2c_4e.pt,2199319,2676d4eaac46c234af18df309a119253bc9c89472c51867f50a52092c94ffef7,SG139_1a_2c_4e,UFO_MGen_MP20_paper_weights.tar.zst,PENDING
SG139_1a_2d_2e,UFO-MGen MP20 per-space-group specialist (SG139_1a_2d_2e),Fig. 3 MP20 per-space-group benchmark pool,StructuredWyckoffVectorField per-space-group specialist,per_sg/SG139_1a_2d_2e.pt,4195671,d0a6bc3918f70b39c1ae9cd6c38840482c1cbfb38d01d5218628140049706683,SG139_1a_2d_2e,UFO_MGen_MP20_paper_weights.tar.zst,PENDING
SG139_1a_2e,UFO-MGen MP20 per-space-group specialist (SG139_1a_2e),Fig. 3 MP20 per-space-group benchmark pool,StructuredWyckoffVectorField per-space-group specialist,per_sg/SG139_1a_2e.pt,2197271,fe8dfbc0074a09744e553c5be1ccb8ce08145fcde7df555689a4755190c799f8,SG139_1a_2e,UFO_MGen_MP20_paper_weights.tar.zst,PENDING
SG139_1a_4f_4i_4j,UFO-MGen MP20 per-space-group specialist (SG139_1a_4f_4i_4j),Fig. 3 MP20 per-space-group benchmark pool,StructuredWyckoffVectorField per-space-group specialist,per_sg/SG139_1a_4f_4i_4j.pt,2199319,8d08cc32b25ec7b08fef405e70e4ab8725c0927dc0e9cb897be20f9d6c3f2eef,SG139_1a_4f_4i_4j,UFO_MGen_MP20_paper_weights.tar.zst,PENDING
SG139_2c_4e,UFO-MGen MP20 per-space-group specialist (SG139_2c_4e),Fig. 3 MP20 per-space-group benchmark pool,StructuredWyckoffVectorField per-space-group specialist,per_sg/SG139_2c_4e.pt,2198295,e6e42fa0139534d9c2be09d4106a6d313dcf9b36b9ea87cc2c141f3bc3d0eba5,SG139_2c_4e,UFO_MGen_MP20_paper_weights.tar.zst,PENDING
SG140_2a_2b_2c_4h_8l,UFO-MGen MP20 per-space-group specialist (SG140_2a_2b_2c_4h_8l),Fig. 3 MP20 per-space-group benchmark pool,StructuredWyckoffVectorField per-space-group specialist,per_sg/SG140_2a_2b_2c_4h_8l.pt,2201943,33cf521b49f09c71dc698cc31fe23db7070b1c2bd0dd5e81e3ca182d84956e60,SG140_2a_2b_2c_4h_8l,UFO_MGen_MP20_paper_weights.tar.zst,PENDING
SG140_2a_2c_4h_8l,UFO-MGen MP20 per-space-group specialist (SG140_2a_2c_4h_8l),Fig. 3 MP20 per-space-group benchmark pool,StructuredWyckoffVectorField per-space-group specialist,per_sg/SG140_2a_2c_4h_8l.pt,2200919,cce7ae2b130ab397a8b8ac8f50e7e0bb3bbdb750cddd6715904ca396ac102aa7,SG140_2a_2c_4h_8l,UFO_MGen_MP20_paper_weights.tar.zst,PENDING
SG140_2a_4h,UFO-MGen MP20 per-space-group specialist (SG140_2a_4h),Fig. 3 MP20 per-space-group benchmark pool,StructuredWyckoffVectorField per-space-group specialist,per_sg/SG140_2a_4h.pt,2197271,1665792174e944589a33fb9276e9665f93628d9508e3a35158fa4b502321d2f8,SG140_2a_4h,UFO_MGen_MP20_paper_weights.tar.zst,PENDING
SG141_2a_2b_4e,UFO-MGen MP20 per-space-group specialist (SG141_2a_2b_4e),Fig. 3 MP20 per-space-group benchmark pool,StructuredWyckoffVectorField per-space-group specialist,per_sg/SG141_2a_2b_4e.pt,2198295,0e6c04e0e5f51fb5ecd2f76137bb2b6697ee9114bde41eccece399aed09735a6,SG141_2a_2b_4e,UFO_MGen_MP20_paper_weights.tar.zst,PENDING
SG141_2a_2b_8h,UFO-MGen MP20 per-space-group specialist (SG141_2a_2b_8h),Fig. 3 MP20 per-space-group benchmark pool,StructuredWyckoffVectorField per-space-group specialist,per_sg/SG141_2a_2b_8h.pt,2199895,b52548cf175482f15f43f8687debbabbd26282dd09cd1e0b997f271057fb2e81,SG141_2a_2b_8h,UFO_MGen_MP20_paper_weights.tar.zst,PENDING
SG148_1a_1b_2c_6f,UFO-MGen MP20 per-space-group specialist (SG148_1a_1b_2c_6f),Fig. 3 MP20 per-space-group benchmark pool,StructuredWyckoffVectorField per-space-group specialist,per_sg/SG148_1a_1b_2c_6f.pt,2202455,ae70b6af59041969192412a8a8ce08cb0e90f41b2d800a7037ef2665204d1d0e,SG148_1a_1b_2c_6f,UFO_MGen_MP20_paper_weights.tar.zst,PENDING
SG148_1a_1b_2c_6f_resweep,UFO-MGen MP20 per-space-group specialist (SG148_1a_1b_2c_6f_resweep),Fig. 3 MP20 per-space-group benchmark pool,StructuredWyckoffVectorField per-space-group specialist (resweep retrain),per_sg/SG148_1a_1b_2c_6f_resweep.pt,2202519,e8338e1418a89c90344b24d0e710d1c280cca239279ee740706a2d6e813f82ff,SG148_1a_1b_2c_6f_resweep,UFO_MGen_MP20_paper_weights.tar.zst,PENDING
SG148_1a_1b_6f,UFO-MGen MP20 per-space-group specialist (SG148_1a_1b_6f),Fig. 3 MP20 per-space-group benchmark pool,StructuredWyckoffVectorField per-space-group specialist,per_sg/SG148_1a_1b_6f.pt,2201431,560ab8e74fbb928691c7bb240c7ca27144923b4ef3a68a89bfc66705c6022522,SG148_1a_1b_6f,UFO_MGen_MP20_paper_weights.tar.zst,PENDING
SG148_1a_1b_6f_resweep,UFO-MGen MP20 per-space-group specialist (SG148_1a_1b_6f_resweep),Fig. 3 MP20 per-space-group benchmark pool,StructuredWyckoffVectorField per-space-group specialist (resweep retrain),per_sg/SG148_1a_1b_6f_resweep.pt,2201495,348163220454b13ed503d66cc048ce3d828683b7732e196c07ea2cc6267cb703,SG148_1a_1b_6f_resweep,UFO_MGen_MP20_paper_weights.tar.zst,PENDING
SG148_1a_2c_12f,UFO-MGen MP20 per-space-group specialist (SG148_1a_2c_12f),Fig. 3 MP20 per-space-group benchmark pool,StructuredWyckoffVectorField per-space-group specialist,per_sg/SG148_1a_2c_12f.pt,2202455,9030c97801ddef3516bf8145af8d83f40fcce461cdcb256b8427046a2b4b0879,SG148_1a_2c_12f,UFO_MGen_MP20_paper_weights.tar.zst,PENDING
SG148_1a_2c_12f_resweep,UFO-MGen MP20 per-space-group specialist (SG148_1a_2c_12f_resweep),Fig. 3 MP20 per-space-group benchmark pool,StructuredWyckoffVectorField per-space-group specialist (resweep retrain),per_sg/SG148_1a_2c_12f_resweep.pt,2202519,fb8531d62e5f78a6c10537aa8a363195cb8a0eac1f85552da8808bed486bb848,SG148_1a_2c_12f_resweep,UFO_MGen_MP20_paper_weights.tar.zst,PENDING
SG148_4c_6f,UFO-MGen MP20 per-space-group specialist (SG148_4c_6f),Fig. 3 MP20 per-space-group benchmark pool,StructuredWyckoffVectorField per-space-group specialist,per_sg/SG148_4c_6f.pt,2201431,8404afac7c67c36769938f3151d52d1cefe788a1108c374e23d5074dcaa7c229,SG148_4c_6f,UFO_MGen_MP20_paper_weights.tar.zst,PENDING
SG148_4c_6f_resweep,UFO-MGen MP20 per-space-group specialist (SG148_4c_6f_resweep),Fig. 3 MP20 per-space-group benchmark pool,StructuredWyckoffVectorField per-space-group specialist (resweep retrain),per_sg/SG148_4c_6f_resweep.pt,2201495,3f38364e892ffdc9341e4bace3d02fcc82b3035c18dcc76ece52a3ec1fa752a0,SG148_4c_6f_resweep,UFO_MGen_MP20_paper_weights.tar.zst,PENDING
SG14_12e,UFO-MGen MP20 per-space-group specialist (SG14_12e),Fig. 3 MP20 per-space-group benchmark pool,StructuredWyckoffVectorField per-space-group specialist,per_sg/SG14_12e.pt,2201367,315ed91ee21796e33f287d41c40182667337f7514b5fa328c9166cd0c1afb25e,SG14_12e,UFO_MGen_MP20_paper_weights.tar.zst,PENDING
SG14_16e,UFO-MGen MP20 per-space-group specialist (SG14_16e),Fig. 3 MP20 per-space-group benchmark pool,StructuredWyckoffVectorField per-space-group specialist,per_sg/SG14_16e.pt,2202455,a34b3dc92a3b8b372a20bfe445f28de8767ce109adf9831064782bd9b1e1f26e,SG14_16e,UFO_MGen_MP20_paper_weights.tar.zst,PENDING
SG14_20e,UFO-MGen MP20 per-space-group specialist (SG14_20e),Fig. 3 MP20 per-space-group benchmark pool,StructuredWyckoffVectorField per-space-group specialist,per_sg/SG14_20e.pt,2203479,1203f43898580f0c966c4d6fa53e86a95733a82a0e351a5dd03962064574e6eb,SG14_20e,UFO_MGen_MP20_paper_weights.tar.zst,PENDING
SG14_2a_2d_16e,UFO-MGen MP20 per-space-group specialist (SG14_2a_2d_16e),Fig. 3 MP20 per-space-group benchmark pool,StructuredWyckoffVectorField per-space-group specialist,per_sg/SG14_2a_2d_16e.pt,2204503,02142bea3d57b0f3bb2a0f2f8c713a51226f8d6ddc33d9ba67334a75e06f41c6,SG14_2a_2d_16e,UFO_MGen_MP20_paper_weights.tar.zst,PENDING
SG14_2b_2c_16e,UFO-MGen MP20 per-space-group specialist (SG14_2b_2c_16e),Fig. 3 MP20 per-space-group benchmark pool,StructuredWyckoffVectorField per-space-group specialist,per_sg/SG14_2b_2c_16e.pt,2204503,14fdd9a07ec1dc619e0a261ab853153a3e71a409a24f6e5bb8efa1a41844cee3,SG14_2b_2c_16e,UFO_MGen_MP20_paper_weights.tar.zst,PENDING
SG156_6a_6b,UFO-MGen MP20 per-space-group specialist (SG156_6a_6b),Fig. 3 MP20 per-space-group benchmark pool,StructuredWyckoffVectorField per-space-group specialist,per_sg/SG156_6a_6b.pt,2207575,39964fc65474013e9258b1cac55816e0ea22a442b7e4fe7f0a609261c7b11cde,SG156_6a_6b,UFO_MGen_MP20_paper_weights.tar.zst,PENDING
SG156_6a_6b_resweep,UFO-MGen MP20 per-space-group specialist (SG156_6a_6b_resweep),Fig. 3 MP20 per-space-group benchmark pool,StructuredWyckoffVectorField per-space-group specialist (resweep retrain),per_sg/SG156_6a_6b_resweep.pt,2207639,e72b601f690aec772cf8a4b534e842160070428b7605abafb84653530ec1c4a9,SG156_6a_6b_resweep,UFO_MGen_MP20_paper_weights.tar.zst,PENDING
SG156_6b_6c,UFO-MGen MP20 per-space-group specialist (SG156_6b_6c),Fig. 3 MP20 per-space-group benchmark pool,StructuredWyckoffVectorField per-space-group specialist,per_sg/SG156_6b_6c.pt,2207575,61b226130efc8189475f40089c3a9d2be06f37edcdf314c5fb5091e81ea340c8,SG156_6b_6c,UFO_MGen_MP20_paper_weights.tar.zst,PENDING
SG156_6b_6c_resweep,UFO-MGen MP20 per-space-group specialist (SG156_6b_6c_resweep),Fig. 3 MP20 per-space-group benchmark pool,StructuredWyckoffVectorField per-space-group specialist (resweep retrain),per_sg/SG156_6b_6c_resweep.pt,2207639,113227354978a838662d5b82d881f8d335b69fc7f49d5d02f92f32f919f152c3,SG156_6b_6c_resweep,UFO_MGen_MP20_paper_weights.tar.zst,PENDING
SG15_2e_12f,UFO-MGen MP20 per-space-group specialist (SG15_2e_12f),Fig. 3 MP20 per-space-group benchmark pool,StructuredWyckoffVectorField per-space-group specialist,per_sg/SG15_2e_12f.pt,2202455,b352218d4e0a2b1aed86d1bcaf9648b41f137349544db00a0e8eccd38556f2e8,SG15_2e_12f,UFO_MGen_MP20_paper_weights.tar.zst,PENDING
SG15_2e_16f,UFO-MGen MP20 per-space-group specialist (SG15_2e_16f),Fig. 3 MP20 per-space-group benchmark pool,StructuredWyckoffVectorField per-space-group specialist,per_sg/SG15_2e_16f.pt,2203479,cc3ff9a41d71d61706e230f1630cdc05adfe07331aea0c4a22c28ffd52e0affe,SG15_2e_16f,UFO_MGen_MP20_paper_weights.tar.zst,PENDING
SG15_4e_16f,UFO-MGen MP20 per-space-group specialist (SG15_4e_16f),Fig. 3 MP20 per-space-group benchmark pool,StructuredWyckoffVectorField per-space-group specialist,per_sg/SG15_4e_16f.pt,2204503,5f66219a479648314f71370bea5631f30cf92aec5eaa8fdb13b36edfd699974d,SG15_4e_16f,UFO_MGen_MP20_paper_weights.tar.zst,PENDING
SG15_4e_8f,UFO-MGen MP20 per-space-group specialist (SG15_4e_8f),Fig. 3 MP20 per-space-group benchmark pool,StructuredWyckoffVectorField per-space-group specialist,per_sg/SG15_4e_8f.pt,2202455,8220f431b45152aeb75408dcbffa984b5b14299c4505a4013db112ef2fe518c1,SG15_4e_8f,UFO_MGen_MP20_paper_weights.tar.zst,PENDING
SG160_4a,UFO-MGen MP20 per-space-group specialist (SG160_4a),Fig. 3 MP20 per-space-group benchmark pool,StructuredWyckoffVectorField per-space-group specialist,per_sg/SG160_4a.pt,2199319,087aeacce874c5be0624bae3d9535bba524bf3d2ab7667bb715801fb94203d56,SG160_4a,UFO_MGen_MP20_paper_weights.tar.zst,PENDING
SG160_4a_resweep,UFO-MGen MP20 per-space-group specialist (SG160_4a_resweep),Fig. 3 MP20 per-space-group benchmark pool,StructuredWyckoffVectorField per-space-group specialist (resweep retrain),per_sg/SG160_4a_resweep.pt,2199447,7b2537fe94cb44d578ace77cd3c8aa8d48e218989098f983f9d6b02300814d95,SG160_4a_resweep,UFO_MGen_MP20_paper_weights.tar.zst,PENDING
SG161_4a_6b,UFO-MGen MP20 per-space-group specialist (SG161_4a_6b),Fig. 3 MP20 per-space-group benchmark pool,StructuredWyckoffVectorField per-space-group specialist,per_sg/SG161_4a_6b.pt,2201431,411ec36e446854c651bd0786f1546c814ee47552fd781b3a6609b14e3a7dab2c,SG161_4a_6b,UFO_MGen_MP20_paper_weights.tar.zst,PENDING
SG161_4a_6b_resweep,UFO-MGen MP20 per-space-group specialist (SG161_4a_6b_resweep),Fig. 3 MP20 per-space-group benchmark pool,StructuredWyckoffVectorField per-space-group specialist (resweep retrain),per_sg/SG161_4a_6b_resweep.pt,2201495,fa410e84d84654145b35433ca2bb08f293a6d28d405a43e10cdd4d49dac1e9d9,SG161_4a_6b_resweep,UFO_MGen_MP20_paper_weights.tar.zst,PENDING
SG164_1a_1b_4d_6i,UFO-MGen MP20 per-space-group specialist (SG164_1a_1b_4d_6i),Fig. 3 MP20 per-space-group benchmark pool,StructuredWyckoffVectorField per-space-group specialist,per_sg/SG164_1a_1b_4d_6i.pt,2201943,6a856d3352ad7d2ee8385c9b392a29fc04bc09ad2652215a60912604ef567508,SG164_1a_1b_4d_6i,UFO_MGen_MP20_paper_weights.tar.zst,PENDING
SG164_1a_1b_4d_6i_resweep,UFO-MGen MP20 per-space-group specialist (SG164_1a_1b_4d_6i_resweep),Fig. 3 MP20 per-space-group benchmark pool,StructuredWyckoffVectorField per-space-group specialist (resweep retrain),per_sg/SG164_1a_1b_4d_6i_resweep.pt,2202007,3cf8f2dd94d76ce6cc6268d1531676fd066dcc76bba01120fdec0078052856c1,SG164_1a_1b_4d_6i_resweep,UFO_MGen_MP20_paper_weights.tar.zst,PENDING
SG164_1a_1b_4d,UFO-MGen MP20 per-space-group specialist (SG164_1a_1b_4d),Fig. 3 MP20 per-space-group benchmark pool,StructuredWyckoffVectorField per-space-group specialist,per_sg/SG164_1a_1b_4d.pt,2199319,d131fe5feafae56367e7d3a097165eb53ab59b7cb7bd4b79511dfe14ccd25ace,SG164_1a_1b_4d,UFO_MGen_MP20_paper_weights.tar.zst,PENDING
SG164_1a_1b_4d_resweep,UFO-MGen MP20 per-space-group specialist (SG164_1a_1b_4d_resweep),Fig. 3 MP20 per-space-group benchmark pool,StructuredWyckoffVectorField per-space-group specialist (resweep retrain),per_sg/SG164_1a_1b_4d_resweep.pt,2199447,d2d7af8df31008b8e20624ff7f1e5fbe6ea7cebe311bba281f1b480ca4a8186e,SG164_1a_1b_4d_resweep,UFO_MGen_MP20_paper_weights.tar.zst,PENDING
SG164_1a_1b_6d_6i,UFO-MGen MP20 per-space-group specialist (SG164_1a_1b_6d_6i),Fig. 3 MP20 per-space-group benchmark pool,StructuredWyckoffVectorField per-space-group specialist,per_sg/SG164_1a_1b_6d_6i.pt,2202967,60aef6caebb8c199b0f8f720a16812ecc57e92b219497ce9949186702948c200,SG164_1a_1b_6d_6i,UFO_MGen_MP20_paper_weights.tar.zst,PENDING
SG164_1a_1b_6d_6i_resweep,UFO-MGen MP20 per-space-group specialist (SG164_1a_1b_6d_6i_resweep),Fig. 3 MP20 per-space-group benchmark pool,StructuredWyckoffVectorField per-space-group specialist (resweep retrain),per_sg/SG164_1a_1b_6d_6i_resweep.pt,2203031,db678916bc8d6e5e9297638df3b338c374063f505c3aa59c6110baab4e908296,SG164_1a_1b_6d_6i_resweep,UFO_MGen_MP20_paper_weights.tar.zst,PENDING
SG164_1a_2d,UFO-MGen MP20 per-space-group specialist (SG164_1a_2d),Fig. 3 MP20 per-space-group benchmark pool,StructuredWyckoffVectorField per-space-group specialist,per_sg/SG164_1a_2d.pt,2197271,d6d6de21553d93420ffe5c0e0b92365a0ef711b7b00d62cb9911d70b7370d04d,SG164_1a_2d,UFO_MGen_MP20_paper_weights.tar.zst,PENDING
SG164_1a_2d_resweep,UFO-MGen MP20 per-space-group specialist (SG164_1a_2d_resweep),Fig. 3 MP20 per-space-group benchmark pool,StructuredWyckoffVectorField per-space-group specialist (resweep retrain),per_sg/SG164_1a_2d_resweep.pt,2197399,e87836bdce7f664cbeb37dea550bd3d06958abacdf262f7548df29fb195ba8d9,SG164_1a_2d_resweep,UFO_MGen_MP20_paper_weights.tar.zst,PENDING
SG164_1a_4d,UFO-MGen MP20 per-space-group specialist (SG164_1a_4d),Fig. 3 MP20 per-space-group benchmark pool,StructuredWyckoffVectorField per-space-group specialist,per_sg/SG164_1a_4d.pt,2198295,44eb66406d6926455cf4fe03e6b56e7b9a9e1ae0f753207f105d73ac03b9c7a1,SG164_1a_4d,UFO_MGen_MP20_paper_weights.tar.zst,PENDING
SG164_1a_4d_resweep,UFO-MGen MP20 per-space-group specialist (SG164_1a_4d_resweep),Fig. 3 MP20 per-space-group benchmark pool,StructuredWyckoffVectorField per-space-group specialist (resweep retrain),per_sg/SG164_1a_4d_resweep.pt,2198423,af5039de4d7f5c48e7c09f25bc5443f746490871c5ec792a9f709fc38467914f,SG164_1a_4d_resweep,UFO_MGen_MP20_paper_weights.tar.zst,PENDING
SG166_1a_1b_2c,UFO-MGen MP20 per-space-group specialist (SG166_1a_1b_2c),Fig. 3 MP20 per-space-group benchmark pool,StructuredWyckoffVectorField per-space-group specialist,per_sg/SG166_1a_1b_2c.pt,2198295,cd103c7753ff135839dcfa53d49d6661c4dcf66636611cc6ffe2528deb1fc8c7,SG166_1a_1b_2c,UFO_MGen_MP20_paper_weights.tar.zst,PENDING
SG166_1a_1b_2c_resweep,UFO-MGen MP20 per-space-group specialist (SG166_1a_1b_2c_resweep),Fig. 3 MP20 per-space-group benchmark pool,StructuredWyckoffVectorField per-space-group specialist (resweep retrain),per_sg/SG166_1a_1b_2c_resweep.pt,2198423,f7ac00219fa0cf02087fcf64dfc362ac276e47a505a234c22e2f90c93b8994e3,SG166_1a_1b_2c_resweep,UFO_MGen_MP20_paper_weights.tar.zst,PENDING
SG166_1a_1b_4c_6h,UFO-MGen MP20 per-space-group specialist (SG166_1a_1b_4c_6h),Fig. 3 MP20 per-space-group benchmark pool,StructuredWyckoffVectorField per-space-group specialist,per_sg/SG166_1a_1b_4c_6h.pt,2201943,c0d58b021058bac68436a9784403f6a677d7f1c1ab34a7291885a838c4bb9b3e,SG166_1a_1b_4c_6h,UFO_MGen_MP20_paper_weights.tar.zst,PENDING
SG166_1a_1b_4c_6h_resweep,UFO-MGen MP20 per-space-group specialist (SG166_1a_1b_4c_6h_resweep),Fig. 3 MP20 per-space-group benchmark pool,StructuredWyckoffVectorField per-space-group specialist (resweep retrain),per_sg/SG166_1a_1b_4c_6h_resweep.pt,2202007,24575b6d25b5c1933726673a68fa63d576178e2869d2645bf96fc4b7cbc7b3b7,SG166_1a_1b_4c_6h_resweep,UFO_MGen_MP20_paper_weights.tar.zst,PENDING
SG166_1a_1b_6c,UFO-MGen MP20 per-space-group specialist (SG166_1a_1b_6c),Fig. 3 MP20 per-space-group benchmark pool,StructuredWyckoffVectorField per-space-group specialist,per_sg/SG166_1a_1b_6c.pt,2200407,e45292d1d83621b23adc3c0a0756423b531a3ace28cfe81d3a837dcd3302d4f1,SG166_1a_1b_6c,UFO_MGen_MP20_paper_weights.tar.zst,PENDING
SG166_1a_1b_6c_resweep,UFO-MGen MP20 per-space-group specialist (SG166_1a_1b_6c_resweep),Fig. 3 MP20 per-space-group benchmark pool,StructuredWyckoffVectorField per-space-group specialist (resweep retrain),per_sg/SG166_1a_1b_6c_resweep.pt,2200471,71bc5f82823e58b4b9f4d99fa8179e17f85254733f71c05b59130cfcccfe6461,SG166_1a_1b_6c_resweep,UFO_MGen_MP20_paper_weights.tar.zst,PENDING
SG166_1a_2c_3d,UFO-MGen MP20 per-space-group specialist (SG166_1a_2c_3d),Fig. 3 MP20 per-space-group benchmark pool,StructuredWyckoffVectorField per-space-group specialist,per_sg/SG166_1a_2c_3d.pt,2198295,c262aca7c3740c1e89122dcd0685758476b78467b4082e102a1af4ee9d401e09,SG166_1a_2c_3d,UFO_MGen_MP20_paper_weights.tar.zst,PENDING
SG166_1a_2c_3d_resweep,UFO-MGen MP20 per-space-group specialist (SG166_1a_2c_3d_resweep),Fig. 3 MP20 per-space-group benchmark pool,StructuredWyckoffVectorField per-space-group specialist (resweep retrain),per_sg/SG166_1a_2c_3d_resweep.pt,2198423,99078effe328e6ee4decb31ebdb98ab65fe5c372cf96e1a06ff412715d204ff1,SG166_1a_2c_3d_resweep,UFO_MGen_MP20_paper_weights.tar.zst,PENDING
SG166_1a_2c,UFO-MGen MP20 per-space-group specialist (SG166_1a_2c),Fig. 3 MP20 per-space-group benchmark pool,StructuredWyckoffVectorField per-space-group specialist,per_sg/SG166_1a_2c.pt,2197271,37015d38db3b87b8bfa0b0589781997c9ecf3e4084ff4d9d408d2011bf731021,SG166_1a_2c,UFO_MGen_MP20_paper_weights.tar.zst,PENDING
SG166_1a_2c_resweep,UFO-MGen MP20 per-space-group specialist (SG166_1a_2c_resweep),Fig. 3 MP20 per-space-group benchmark pool,StructuredWyckoffVectorField per-space-group specialist (resweep retrain),per_sg/SG166_1a_2c_resweep.pt,2197399,8dd2cdcbe6493677b456cbf9c99668fd96665106b12c7d0979162311fc31f0f0,SG166_1a_2c_resweep,UFO_MGen_MP20_paper_weights.tar.zst,PENDING
SG166_1a_4c,UFO-MGen MP20 per-space-group specialist (SG166_1a_4c),Fig. 3 MP20 per-space-group benchmark pool,StructuredWyckoffVectorField per-space-group specialist,per_sg/SG166_1a_4c.pt,2198359,89d87505a34c768b3672bb510d254e8e6d0031e234e406362544301e75299ef7,SG166_1a_4c,UFO_MGen_MP20_paper_weights.tar.zst,PENDING
SG166_1a_4c_resweep,UFO-MGen MP20 per-space-group specialist (SG166_1a_4c_resweep),Fig. 3 MP20 per-space-group benchmark pool,StructuredWyckoffVectorField per-space-group specialist (resweep retrain),per_sg/SG166_1a_4c_resweep.pt,2198423,3c39765d724007dd267646f91049d57f311d5e29779105748d5fcaab23362629,SG166_1a_4c_resweep,UFO_MGen_MP20_paper_weights.tar.zst,PENDING
SG166_1b_4c_3e_6h,UFO-MGen MP20 per-space-group specialist (SG166_1b_4c_3e_6h),Fig. 3 MP20 per-space-group benchmark pool,StructuredWyckoffVectorField per-space-group specialist,per_sg/SG166_1b_4c_3e_6h.pt,2201943,5383304f3d8347bcd9fe7d03b9ca7a92be45724de68a7c2d4802bb0a34e5a465,SG166_1b_4c_3e_6h,UFO_MGen_MP20_paper_weights.tar.zst,PENDING
SG166_1b_4c_3e_6h_resweep,UFO-MGen MP20 per-space-group specialist (SG166_1b_4c_3e_6h_resweep),Fig. 3 MP20 per-space-group benchmark pool,StructuredWyckoffVectorField per-space-group specialist (resweep retrain),per_sg/SG166_1b_4c_3e_6h_resweep.pt,2202007,c8cbcc49f7a920fc42697fb11139c12358119360c851f47b46aa27cb5a6f8727,SG166_1b_4c_3e_6h_resweep,UFO_MGen_MP20_paper_weights.tar.zst,PENDING
SG166_4c_3d_6f_6h,UFO-MGen MP20 per-space-group specialist (SG166_4c_3d_6f_6h),Fig. 3 MP20 per-space-group benchmark pool,StructuredWyckoffVectorField per-space-group specialist,per_sg/SG166_4c_3d_6f_6h.pt,2201943,c7a07458d49d29855d53ad70049632aff634d6b9fe7d475ab47e644a39a779a2,SG166_4c_3d_6f_6h,UFO_MGen_MP20_paper_weights.tar.zst,PENDING
SG166_4c_3d_6f_6h_resweep,UFO-MGen MP20 per-space-group specialist (SG166_4c_3d_6f_6h_resweep),Fig. 3 MP20 per-space-group benchmark pool,StructuredWyckoffVectorField per-space-group specialist (resweep retrain),per_sg/SG166_4c_3d_6f_6h_resweep.pt,2202007,4dc10fb66508026cca44c53925da5865d4a8c9c9da148e1be67d31b85d6f0077,SG166_4c_3d_6f_6h_resweep,UFO_MGen_MP20_paper_weights.tar.zst,PENDING
SG176_2c_12h,UFO-MGen MP20 per-space-group specialist (SG176_2c_12h),Fig. 3 MP20 per-space-group benchmark pool,StructuredWyckoffVectorField per-space-group specialist,per_sg/SG176_2c_12h.pt,2199895,d93f63e95bda184e8d42ee0ed5edac0a77c853771bcacce49d47f5bef792d8dd,SG176_2c_12h,UFO_MGen_MP20_paper_weights.tar.zst,PENDING
SG186_2a_4b,UFO-MGen MP20 per-space-group specialist (SG186_2a_4b),Fig. 3 MP20 per-space-group benchmark pool,StructuredWyckoffVectorField per-space-group specialist,per_sg/SG186_2a_4b.pt,2198295,2e45b32bc4a9c8e02e7c5610b1d1e17b8d7aeb808545718256d605b0de7582ff,SG186_2a_4b,UFO_MGen_MP20_paper_weights.tar.zst,PENDING
SG187_1a_1c_1e_3k,UFO-MGen MP20 per-space-group specialist (SG187_1a_1c_1e_3k),Fig. 3 MP20 per-space-group benchmark pool,StructuredWyckoffVectorField per-space-group specialist,per_sg/SG187_1a_1c_1e_3k.pt,2199319,961b76f9130e5f81e27ac3ab739af89984dd058637c31e3e2e165ef5c7aebdd6,SG187_1a_1c_1e_3k,UFO_MGen_MP20_paper_weights.tar.zst,PENDING
SG189_1a_2d_3f_3g,UFO-MGen MP20 per-space-group specialist (SG189_1a_2d_3f_3g),Fig. 3 MP20 per-space-group benchmark pool,StructuredWyckoffVectorField per-space-group specialist,per_sg/SG189_1a_2d_3f_3g.pt,2199319,cd2f9be3443a2ce733a3c5b873ed6ba1cc4dc712cabf722cf9474392b3685ccd,SG189_1a_2d_3f_3g,UFO_MGen_MP20_paper_weights.tar.zst,PENDING
SG189_1b_2c_3f_3g,UFO-MGen MP20 per-space-group specialist (SG189_1b_2c_3f_3g),Fig. 3 MP20 per-space-group benchmark pool,StructuredWyckoffVectorField per-space-group specialist,per_sg/SG189_1b_2c_3f_3g.pt,2199319,d98f3c8dc8b76a01f30cade307bfbc65fc5da980eed5a4f8796c49a85326456b,SG189_1b_2c_3f_3g,UFO_MGen_MP20_paper_weights.tar.zst,PENDING
SG191_1a_2c_2d_2e_6i,UFO-MGen MP20 per-space-group specialist (SG191_1a_2c_2d_2e_6i),Fig. 3 MP20 per-space-group benchmark pool,StructuredWyckoffVectorField per-space-group specialist,per_sg/SG191_1a_2c_2d_2e_6i.pt,2200407,d231c0dfac4fbe140af13515e7a6b865ac7b5de8cd21e722408351506272b462,SG191_1a_2c_2d_2e_6i,UFO_MGen_MP20_paper_weights.tar.zst,PENDING
SG191_1a_2c_3g,UFO-MGen MP20 per-space-group specialist (SG191_1a_2c_3g),Fig. 3 MP20 per-space-group benchmark pool,StructuredWyckoffVectorField per-space-group specialist,per_sg/SG191_1a_2c_3g.pt,2196695,46829e783f694c952ce51c322a8eb4e2e83d51168466e8b0248e8dc633c090e5,SG191_1a_2c_3g,UFO_MGen_MP20_paper_weights.tar.zst,PENDING
SG191_1a_2d,UFO-MGen MP20 per-space-group specialist (SG191_1a_2d),Fig. 3 MP20 per-space-group benchmark pool,StructuredWyckoffVectorField per-space-group specialist,per_sg/SG191_1a_2d.pt,2195735,51668137a7cf4b9587030818bdf3c9123edfae38e47d9112809f2e0f19af757f,SG191_1a_2d,UFO_MGen_MP20_paper_weights.tar.zst,PENDING
SG193_2b_4d_12g,UFO-MGen MP20 per-space-group specialist (SG193_2b_4d_12g),Fig. 3 MP20 per-space-group benchmark pool,StructuredWyckoffVectorField per-space-group specialist,per_sg/SG193_2b_4d_12g.pt,2199319,5e86476004d1af6e724bfe5654bd05f0365224907e9196f494e5c0f9577cb01b,SG193_2b_4d_12g,UFO_MGen_MP20_paper_weights.tar.zst,PENDING
SG193_4d_12g,UFO-MGen MP20 per-space-group specialist (SG193_4d_12g),Fig. 3 MP20 per-space-group benchmark pool,StructuredWyckoffVectorField per-space-group specialist,per_sg/SG193_4d_12g.pt,2198295,6fa9a8f91c20cb91ef82bfee73a47042f0f16b0aab84627b694aae15b5a02641,SG193_4d_12g,UFO_MGen_MP20_paper_weights.tar.zst,PENDING
SG194_2a_2b_8f,UFO-MGen MP20 per-space-group specialist (SG194_2a_2b_8f),Fig. 3 MP20 per-space-group benchmark pool,StructuredWyckoffVectorField per-space-group specialist,per_sg/SG194_2a_2b_8f.pt,2199319,ca46b5ccc02e09630db7cd7f5aba5618e1b74ce1bd0401eada02005561566dd5,SG194_2a_2b_8f,UFO_MGen_MP20_paper_weights.tar.zst,PENDING
SG194_2a_2c_2d,UFO-MGen MP20 per-space-group specialist (SG194_2a_2c_2d),Fig. 3 MP20 per-space-group benchmark pool,StructuredWyckoffVectorField per-space-group specialist,per_sg/SG194_2a_2c_2d.pt,2196695,7526ea1297ee39c31da4138c91e9a9edcdf8f5bb4bf9a5b8f784e68132e41192,SG194_2a_2c_2d,UFO_MGen_MP20_paper_weights.tar.zst,PENDING
SG194_2a_2c_4f,UFO-MGen MP20 per-space-group specialist (SG194_2a_2c_4f),Fig. 3 MP20 per-space-group benchmark pool,StructuredWyckoffVectorField per-space-group specialist,per_sg/SG194_2a_2c_4f.pt,2198295,8e65764f871bb7c98140e18e310db673f47d04a054e16391628f1e93beae5172,SG194_2a_2c_4f,UFO_MGen_MP20_paper_weights.tar.zst,PENDING
SG194_2a_2c,UFO-MGen MP20 per-space-group specialist (SG194_2a_2c),Fig. 3 MP20 per-space-group benchmark pool,StructuredWyckoffVectorField per-space-group specialist,per_sg/SG194_2a_2c.pt,2195671,417039a008b55c5782d26e5fe003b53764fd8538570569b463db4d69fb34c29c,SG194_2a_2c,UFO_MGen_MP20_paper_weights.tar.zst,PENDING
SG194_2a_2d_4f,UFO-MGen MP20 per-space-group specialist (SG194_2a_2d_4f),Fig. 3 MP20 per-space-group benchmark pool,StructuredWyckoffVectorField per-space-group specialist,per_sg/SG194_2a_2d_4f.pt,2198295,b6f174ff44375f2cc425b97496f87ea3042dde5a191fb73b5aeefb665f33bb45,SG194_2a_2d_4f,UFO_MGen_MP20_paper_weights.tar.zst,PENDING
SG194_2a_2d_6h,UFO-MGen MP20 per-space-group specialist (SG194_2a_2d_6h),Fig. 3 MP20 per-space-group benchmark pool,StructuredWyckoffVectorField per-space-group specialist,per_sg/SG194_2a_2d_6h.pt,2198295,778100bd6bbc686c78cda285532f2f19cc9f153124d28f6ee8f0548c98193e7a,SG194_2a_2d_6h,UFO_MGen_MP20_paper_weights.tar.zst,PENDING
SG194_2a_4f_6h,UFO-MGen MP20 per-space-group specialist (SG194_2a_4f_6h),Fig. 3 MP20 per-space-group benchmark pool,StructuredWyckoffVectorField per-space-group specialist,per_sg/SG194_2a_4f_6h.pt,2198295,9287af55417b3316434b501c5cb60f48ceba246580bcb15cba48f2a4222ed8c1,SG194_2a_4f_6h,UFO_MGen_MP20_paper_weights.tar.zst,PENDING
SG194_2c_6h,UFO-MGen MP20 per-space-group specialist (SG194_2c_6h),Fig. 3 MP20 per-space-group benchmark pool,StructuredWyckoffVectorField per-space-group specialist,per_sg/SG194_2c_6h.pt,2197335,1d2ee59a2392954d1c54f4ff5c739e74c8d871f1b956e687a1be110d399f18b8,SG194_2c_6h,UFO_MGen_MP20_paper_weights.tar.zst,PENDING
SG194_2d_6h,UFO-MGen MP20 per-space-group specialist (SG194_2d_6h),Fig. 3 MP20 per-space-group benchmark pool,StructuredWyckoffVectorField per-space-group specialist,per_sg/SG194_2d_6h.pt,4194391,c7dcdb5b7661b2a1c73eab1448712666aebfeddafcab2dbb7ee135249aea5e15,SG194_2d_6h,UFO_MGen_MP20_paper_weights.tar.zst,PENDING
SG198_12a,UFO-MGen MP20 per-space-group specialist (SG198_12a),Fig. 3 MP20 per-space-group benchmark pool,StructuredWyckoffVectorField per-space-group specialist,per_sg/SG198_12a.pt,2198295,8872e37092a753edf5dd98aac995801586c19d50e103e41449a602714fee0a99,SG198_12a,UFO_MGen_MP20_paper_weights.tar.zst,PENDING
SG1_16a,UFO-MGen MP20 per-space-group specialist (SG1_16a),Fig. 3 MP20 per-space-group benchmark pool,StructuredWyckoffVectorField per-space-group specialist,per_sg/SG1_16a.pt,2214743,6a4a223edfc92bdc915c48c723697476a04b6fdc879a5dadcaa5b7dd1bcf2870,SG1_16a,UFO_MGen_MP20_paper_weights.tar.zst,PENDING
SG1_18a,UFO-MGen MP20 per-space-group specialist (SG1_18a),Fig. 3 MP20 per-space-group benchmark pool,StructuredWyckoffVectorField per-space-group specialist,per_sg/SG1_18a.pt,2216791,1fd05f998104021d6c66a951a1a4f16dc28f7d0fb9f3abe24576bc51002dda34,SG1_18a,UFO_MGen_MP20_paper_weights.tar.zst,PENDING
SG1_19a,UFO-MGen MP20 per-space-group specialist (SG1_19a),Fig. 3 MP20 per-space-group benchmark pool,StructuredWyckoffVectorField per-space-group specialist,per_sg/SG1_19a.pt,2217815,41377936f6a9387b3d2bc74781e562312d9c56c86489cb1c6e41118193cd38cc,SG1_19a,UFO_MGen_MP20_paper_weights.tar.zst,PENDING
SG1_20a,UFO-MGen MP20 per-space-group specialist (SG1_20a),Fig. 3 MP20 per-space-group benchmark pool,StructuredWyckoffVectorField per-space-group specialist,per_sg/SG1_20a.pt,2218839,159d8b848d2738e6561540679de002a072ad54c570aad28c761759a4b612e3c2,SG1_20a,UFO_MGen_MP20_paper_weights.tar.zst,PENDING
SG204_1a_3b_4c_12g,UFO-MGen MP20 per-space-group specialist (SG204_1a_3b_4c_12g),Fig. 3 MP20 per-space-group benchmark pool,StructuredWyckoffVectorField per-space-group specialist,per_sg/SG204_1a_3b_4c_12g.pt,2200919,10e70ba90b1fb56762e86d2e5a2f7bcec99d60f614da5e329d1113678831bd85,SG204_1a_3b_4c_12g,UFO_MGen_MP20_paper_weights.tar.zst,PENDING
SG204_1a_4c_12g,UFO-MGen MP20 per-space-group specialist (SG204_1a_4c_12g),Fig. 3 MP20 per-space-group benchmark pool,StructuredWyckoffVectorField per-space-group specialist,per_sg/SG204_1a_4c_12g.pt,2199895,88b3a7df5258cf70b5502f9227e68fdd4b2314d4dcb4f6f4aeed0f45298021c3,SG204_1a_4c_12g,UFO_MGen_MP20_paper_weights.tar.zst,PENDING
SG216_1a_1b_1c_1d_6f,UFO-MGen MP20 per-space-group specialist (SG216_1a_1b_1c_1d_6f),Fig. 3 MP20 per-space-group benchmark pool,StructuredWyckoffVectorField per-space-group specialist,per_sg/SG216_1a_1b_1c_1d_6f.pt,2200407,4d1f519a1015cefe68768b99993551f7de174bd7608ec1045a76eb3cfab3bf69,SG216_1a_1b_1c_1d_6f,UFO_MGen_MP20_paper_weights.tar.zst,PENDING
SG216_1a_1b_1c_1d,UFO-MGen MP20 per-space-group specialist (SG216_1a_1b_1c_1d),Fig. 3 MP20 per-space-group benchmark pool,StructuredWyckoffVectorField per-space-group specialist,per_sg/SG216_1a_1b_1c_1d.pt,2197719,2dff7f47bc07bf26515d894f3b94fd2865e12c8a042029d02b6698ce47526bb1,SG216_1a_1b_1c_1d,UFO_MGen_MP20_paper_weights.tar.zst,PENDING
SG216_1a_1b_1d,UFO-MGen MP20 per-space-group specialist (SG216_1a_1b_1d),Fig. 3 MP20 per-space-group benchmark pool,StructuredWyckoffVectorField per-space-group specialist,per_sg/SG216_1a_1b_1d.pt,2196695,a1216d2382925c4fbb780811c7b8bc3e3b751423bb9bb2a4126e74417ab1aec5,SG216_1a_1b_1d,UFO_MGen_MP20_paper_weights.tar.zst,PENDING
SG216_1a_1d_4e,UFO-MGen MP20 per-space-group specialist (SG216_1a_1d_4e),Fig. 3 MP20 per-space-group benchmark pool,StructuredWyckoffVectorField per-space-group specialist,per_sg/SG216_1a_1d_4e.pt,2198295,222f7e7faab0bde72854fe906ca8243d7995552327a951a97476be1406fc19b6,SG216_1a_1d_4e,UFO_MGen_MP20_paper_weights.tar.zst,PENDING
SG220_6a_6b_8c,UFO-MGen MP20 per-space-group specialist (SG220_6a_6b_8c),Fig. 3 MP20 per-space-group benchmark pool,StructuredWyckoffVectorField per-space-group specialist,per_sg/SG220_6a_6b_8c.pt,2198359,b05b0170b9d538dab03463d3a2111447880ba1656b17f6591592a5fa04ce4d29,SG220_6a_6b_8c,UFO_MGen_MP20_paper_weights.tar.zst,PENDING
SG221_1a_1b_3c,UFO-MGen MP20 per-space-group specialist (SG221_1a_1b_3c),Fig. 3 MP20 per-space-group benchmark pool,StructuredWyckoffVectorField per-space-group specialist,per_sg/SG221_1a_1b_3c.pt,2196695,a60f1044f68f8de339f8e123380d82f77c933930b767abd88b4bd9e701d4bc6f,SG221_1a_1b_3c,UFO_MGen_MP20_paper_weights.tar.zst,PENDING
SG221_1a_1b_3d,UFO-MGen MP20 per-space-group specialist (SG221_1a_1b_3d),Fig. 3 MP20 per-space-group benchmark pool,StructuredWyckoffVectorField per-space-group specialist,per_sg/SG221_1a_1b_3d.pt,2196695,cd1cfe21ab89f4e503745b7e648fed0f6a5384e3ae64746cc2aa804cab93b29a,SG221_1a_1b_3d,UFO_MGen_MP20_paper_weights.tar.zst,PENDING
SG221_1a_1b,UFO-MGen MP20 per-space-group specialist (SG221_1a_1b),Fig. 3 MP20 per-space-group benchmark pool,StructuredWyckoffVectorField per-space-group specialist,per_sg/SG221_1a_1b.pt,2195671,8bdca48dd3df78f881c318cbedddb543ce15ea0bc83dc5c775f2751ec288fbd9,SG221_1a_1b,UFO_MGen_MP20_paper_weights.tar.zst,PENDING
SG221_1a_3c,UFO-MGen MP20 per-space-group specialist (SG221_1a_3c),Fig. 3 MP20 per-space-group benchmark pool,StructuredWyckoffVectorField per-space-group specialist,per_sg/SG221_1a_3c.pt,2195671,ea3c80773c74c961401b32442045f4f0bf122ec88933a599a1256f5a79fde03c,SG221_1a_3c,UFO_MGen_MP20_paper_weights.tar.zst,PENDING
SG223_2a_6c,UFO-MGen MP20 per-space-group specialist (SG223_2a_6c),Fig. 3 MP20 per-space-group benchmark pool,StructuredWyckoffVectorField per-space-group specialist,per_sg/SG223_2a_6c.pt,2195671,2f33c5d71e7f14a49759fcb39e4f391eab127a570c2c5422cc56682b0529eac8,SG223_2a_6c,UFO_MGen_MP20_paper_weights.tar.zst,PENDING
SG225_1a_1b_2c_6e,UFO-MGen MP20 per-space-group specialist (SG225_1a_1b_2c_6e),Fig. 3 MP20 per-space-group benchmark pool,StructuredWyckoffVectorField per-space-group specialist,per_sg/SG225_1a_1b_2c_6e.pt,4196951,e43a0c589119d381aec4945e9b63fa977d4d6e78c29e7302788f9128ff867272,SG225_1a_1b_2c_6e,UFO_MGen_MP20_paper_weights.tar.zst,PENDING
SG225_1a_1b_2c,UFO-MGen MP20 per-space-group specialist (SG225_1a_1b_2c),Fig. 3 MP20 per-space-group benchmark pool,StructuredWyckoffVectorField per-space-group specialist,per_sg/SG225_1a_1b_2c.pt,6944087,4524d9798f413870b755c50f59d81240d39e5be5617713ad24f792eeb65748dd,SG225_1a_1b_2c,UFO_MGen_MP20_paper_weights.tar.zst,PENDING
SG225_1a_1b,UFO-MGen MP20 per-space-group specialist (SG225_1a_1b),Fig. 3 MP20 per-space-group benchmark pool,StructuredWyckoffVectorField per-space-group specialist,per_sg/SG225_1a_1b.pt,2195671,9d9f5d48d2de9cfdcad280af7b31870abcd3bba675d8dfb9ad88330d8dbb967c,SG225_1a_1b,UFO_MGen_MP20_paper_weights.tar.zst,PENDING
SG225_1a_2c_6e,UFO-MGen MP20 per-space-group specialist (SG225_1a_2c_6e),Fig. 3 MP20 per-space-group benchmark pool,StructuredWyckoffVectorField per-space-group specialist,per_sg/SG225_1a_2c_6e.pt,2198295,ff3e5d695d14c4447c2d3e7bced4ce88617ebc9f4fcaa7c427a171e2714b6d46,SG225_1a_2c_6e,UFO_MGen_MP20_paper_weights.tar.zst,PENDING
SG225_1a_2c,UFO-MGen MP20 per-space-group specialist (SG225_1a_2c),Fig. 3 MP20 per-space-group benchmark pool,StructuredWyckoffVectorField per-space-group specialist,per_sg/SG225_1a_2c.pt,2195671,7d87d4eb0c979196a99100cea4bcf84a4741205917f24d2db8b5c4da4af93f78,SG225_1a_2c,UFO_MGen_MP20_paper_weights.tar.zst,PENDING
SG227_2a_4d_8e,UFO-MGen MP20 per-space-group specialist (SG227_2a_4d_8e),Fig. 3 MP20 per-space-group benchmark pool,StructuredWyckoffVectorField per-space-group specialist,per_sg/SG227_2a_4d_8e.pt,2198295,54c4a9be515b803355bedda73ccbc0b4acbcdfd93ba1099307c22067ab51848d,SG227_2a_4d_8e,UFO_MGen_MP20_paper_weights.tar.zst,PENDING
SG227_2a_4d,UFO-MGen MP20 per-space-group specialist (SG227_2a_4d),Fig. 3 MP20 per-space-group benchmark pool,StructuredWyckoffVectorField per-space-group specialist,per_sg/SG227_2a_4d.pt,2195671,1a222dc261936697028510f1604d3c0ddafae07307d03c51e1cd82e67445c91c,SG227_2a_4d,UFO_MGen_MP20_paper_weights.tar.zst,PENDING
SG227_2b_4c_8e,UFO-MGen MP20 per-space-group specialist (SG227_2b_4c_8e),Fig. 3 MP20 per-space-group benchmark pool,StructuredWyckoffVectorField per-space-group specialist,per_sg/SG227_2b_4c_8e.pt,2198295,4ec1ed333c426f0f04add4aca144a4169e4eb35828f4bfe4453876568a2bae41,SG227_2b_4c_8e,UFO_MGen_MP20_paper_weights.tar.zst,PENDING
SG227_2b_4c,UFO-MGen MP20 per-space-group specialist (SG227_2b_4c),Fig. 3 MP20 per-space-group benchmark pool,StructuredWyckoffVectorField per-space-group specialist,per_sg/SG227_2b_4c.pt,2195671,5510343b48522211449e51fd2ca572a916c30c26cb5c497cab9754c84ffabfb4,SG227_2b_4c,UFO_MGen_MP20_paper_weights.tar.zst,PENDING
SG229_1a_4c_6d_6e,UFO-MGen MP20 per-space-group specialist (SG229_1a_4c_6d_6e),Fig. 3 MP20 per-space-group benchmark pool,StructuredWyckoffVectorField per-space-group specialist,per_sg/SG229_1a_4c_6d_6e.pt,2199383,a70333cca0545972c77174a20aa526f3ae3882b5c1d2186428d65a1d0d1f1177,SG229_1a_4c_6d_6e,UFO_MGen_MP20_paper_weights.tar.zst,PENDING
SG2_12i,UFO-MGen MP20 per-space-group specialist (SG2_12i),Fig. 3 MP20 per-space-group benchmark pool,StructuredWyckoffVectorField per-space-group specialist,per_sg/SG2_12i.pt,2204503,a9b5c8cd0f50b261d8727c7df9466a4dc7403fba762ebe1904baf239a2768cd3,SG2_12i,UFO_MGen_MP20_paper_weights.tar.zst,PENDING
SG2_18i,UFO-MGen MP20 per-space-group specialist (SG2_18i),Fig. 3 MP20 per-space-group benchmark pool,StructuredWyckoffVectorField per-space-group specialist,per_sg/SG2_18i.pt,2207575,9ef7772bb96bff169f6b21e696337484fa14e9754110fb38bf1d468cb64d30ef,SG2_18i,UFO_MGen_MP20_paper_weights.tar.zst,PENDING
SG2_1c_1d_1f_1g_16i,UFO-MGen MP20 per-space-group specialist (SG2_1c_1d_1f_1g_16i),Fig. 3 MP20 per-space-group benchmark pool,StructuredWyckoffVectorField per-space-group specialist,per_sg/SG2_1c_1d_1f_1g_16i.pt,2210647,feed1a140a47c231bc4532e59870ce6729155eb7b6c3648f75b7215ba80d8967,SG2_1c_1d_1f_1g_16i,UFO_MGen_MP20_paper_weights.tar.zst,PENDING
SG2_20i,UFO-MGen MP20 per-space-group specialist (SG2_20i),Fig. 3 MP20 per-space-group benchmark pool,StructuredWyckoffVectorField per-space-group specialist,per_sg/SG2_20i.pt,2208599,0206ab5d14feaa7a79643144c175b20871b42cd053530a7ddd1f6fe627b6c166,SG2_20i,UFO_MGen_MP20_paper_weights.tar.zst,PENDING
SG31_8a_12b,UFO-MGen MP20 per-space-group specialist (SG31_8a_12b),Fig. 3 MP20 per-space-group benchmark pool,StructuredWyckoffVectorField per-space-group specialist,per_sg/SG31_8a_12b.pt,2205527,4e385147eaa5fc9a01d45496e99081fe91132504cba78be49d7b53a97e10b243,SG31_8a_12b,UFO_MGen_MP20_paper_weights.tar.zst,PENDING
SG31_8a_8b,UFO-MGen MP20 per-space-group specialist (SG31_8a_8b),Fig. 3 MP20 per-space-group benchmark pool,StructuredWyckoffVectorField per-space-group specialist,per_sg/SG31_8a_8b.pt,2204503,fbceb5d280a068738881997f79db1fe6b7e03a64dd03755f3a5af6a7a5c28a99,SG31_8a_8b,UFO_MGen_MP20_paper_weights.tar.zst,PENDING
SG38_1a_1b_6c_2d_2e,UFO-MGen MP20 per-space-group specialist (SG38_1a_1b_6c_2d_2e),Fig. 3 MP20 per-space-group benchmark pool,StructuredWyckoffVectorField per-space-group specialist,per_sg/SG38_1a_1b_6c_2d_2e.pt,2203991,8c6c9df4fa5600116362500289377483183fc094ece0b3f24f683539ffcfa749,SG38_1a_1b_6c_2d_2e,UFO_MGen_MP20_paper_weights.tar.zst,PENDING
SG44_3a_2b_4d_4e,UFO-MGen MP20 per-space-group specialist (SG44_3a_2b_4d_4e),Fig. 3 MP20 per-space-group benchmark pool,StructuredWyckoffVectorField per-space-group specialist,per_sg/SG44_3a_2b_4d_4e.pt,2206551,3636e2fdceb109c689be2eb9d319df6e6725534d12fb2bd4222c0acee893b971,SG44_3a_2b_4d_4e,UFO_MGen_MP20_paper_weights.tar.zst,PENDING
SG4_18a,UFO-MGen MP20 per-space-group specialist (SG4_18a),Fig. 3 MP20 per-space-group benchmark pool,StructuredWyckoffVectorField per-space-group specialist,per_sg/SG4_18a.pt,2207575,4bc0d1a1d0daad169532f6b4baf0c810e2ab26c85d4cf0f2048af77f13e2a569,SG4_18a,UFO_MGen_MP20_paper_weights.tar.zst,PENDING
SG4_20a,UFO-MGen MP20 per-space-group specialist (SG4_20a),Fig. 3 MP20 per-space-group benchmark pool,StructuredWyckoffVectorField per-space-group specialist,per_sg/SG4_20a.pt,2208599,17f760b746c3d888f2417eb604fb921cd752570bebbca49157ecfbef6c0fa4b8,SG4_20a,UFO_MGen_MP20_paper_weights.tar.zst,PENDING
SG62_12c,UFO-MGen MP20 per-space-group specialist (SG62_12c),Fig. 3 MP20 per-space-group benchmark pool,StructuredWyckoffVectorField per-space-group specialist,per_sg/SG62_12c.pt,4197719,5343cce4525daeb16e0f57941550c76da0754ce77a69f1c22f512143bb67d26b,SG62_12c,UFO_MGen_MP20_paper_weights.tar.zst,PENDING
SG62_16c,UFO-MGen MP20 per-space-group specialist (SG62_16c),Fig. 3 MP20 per-space-group benchmark pool,StructuredWyckoffVectorField per-space-group specialist,per_sg/SG62_16c.pt,2200919,95ed903163ae7961f69870776a515909205fa1a2243aa759dff3eb7f68d1e20a,SG62_16c,UFO_MGen_MP20_paper_weights.tar.zst,PENDING
SG62_20c,UFO-MGen MP20 per-space-group specialist (SG62_20c),Fig. 3 MP20 per-space-group benchmark pool,StructuredWyckoffVectorField per-space-group specialist,per_sg/SG62_20c.pt,2201943,c8ecdaf928812b2a1bb9d51034cd0ffe28e38395fbc621d092bb05a5da911666,SG62_20c,UFO_MGen_MP20_paper_weights.tar.zst,PENDING
SG62_4a_8c_8d,UFO-MGen MP20 per-space-group specialist (SG62_4a_8c_8d),Fig. 3 MP20 per-space-group benchmark pool,StructuredWyckoffVectorField per-space-group specialist,per_sg/SG62_4a_8c_8d.pt,2202455,8ce4423dcaab755eff96d6d982aa16d5f3bda0ef38fc6daebf3b07385a4d7b1b,SG62_4a_8c_8d,UFO_MGen_MP20_paper_weights.tar.zst,PENDING
SG62_4b_8c_8d,UFO-MGen MP20 per-space-group specialist (SG62_4b_8c_8d),Fig. 3 MP20 per-space-group benchmark pool,StructuredWyckoffVectorField per-space-group specialist,per_sg/SG62_4b_8c_8d.pt,2202455,098db06d0b660e5c801e4f5168b97d2c6145346e2233db61da04c5710b6f3cb6,SG62_4b_8c_8d,UFO_MGen_MP20_paper_weights.tar.zst,PENDING
SG62_8c_8d,UFO-MGen MP20 per-space-group specialist (SG62_8c_8d),Fig. 3 MP20 per-space-group benchmark pool,StructuredWyckoffVectorField per-space-group specialist,per_sg/SG62_8c_8d.pt,2201367,d97dd3d3dfb434fb843e927d5d4b71d2f6b0af0d6d2c0e99a9900aecab74ab11,SG62_8c_8d,UFO_MGen_MP20_paper_weights.tar.zst,PENDING
SG62_8c,UFO-MGen MP20 per-space-group specialist (SG62_8c),Fig. 3 MP20 per-space-group benchmark pool,StructuredWyckoffVectorField per-space-group specialist,per_sg/SG62_8c.pt,2198871,99205ccefe6123ea7dbd80cc6b88ae7ef096458d204a9468544ff9f581e47217,SG62_8c,UFO_MGen_MP20_paper_weights.tar.zst,PENDING
SG63_2a_4c_4f,UFO-MGen MP20 per-space-group specialist (SG63_2a_4c_4f),Fig. 3 MP20 per-space-group benchmark pool,StructuredWyckoffVectorField per-space-group specialist,per_sg/SG63_2a_4c_4f.pt,2200919,9df292b28d84a0ba8d4b0900ad74dedfb8503996da789ae0d5044338374f8477,SG63_2a_4c_4f,UFO_MGen_MP20_paper_weights.tar.zst,PENDING
SG63_2a_6c_4f,UFO-MGen MP20 per-space-group specialist (SG63_2a_6c_4f),Fig. 3 MP20 per-space-group benchmark pool,StructuredWyckoffVectorField per-space-group specialist,per_sg/SG63_2a_6c_4f.pt,2201943,4656956bbdaa4ec5e640107143d6239ba4588b4056c6666de29e4773803e1de4,SG63_2a_6c_4f,UFO_MGen_MP20_paper_weights.tar.zst,PENDING
SG63_4c_12f,UFO-MGen MP20 per-space-group specialist (SG63_4c_12f),Fig. 3 MP20 per-space-group benchmark pool,StructuredWyckoffVectorField per-space-group specialist,per_sg/SG63_4c_12f.pt,2201943,c18dab57d73b5f337157709b440f7487d35a08609d55bb90c55df23e3ac45603,SG63_4c_12f,UFO_MGen_MP20_paper_weights.tar.zst,PENDING
SG63_4c_4f,UFO-MGen MP20 per-space-group specialist (SG63_4c_4f),Fig. 3 MP20 per-space-group benchmark pool,StructuredWyckoffVectorField per-space-group specialist,per_sg/SG63_4c_4f.pt,2199831,d0d0800c111df1d0d46dfaf498408d3f3d9a69ab7d1993e84983e2c7960a6756,SG63_4c_4f,UFO_MGen_MP20_paper_weights.tar.zst,PENDING
SG63_4c,UFO-MGen MP20 per-space-group specialist (SG63_4c),Fig. 3 MP20 per-space-group benchmark pool,StructuredWyckoffVectorField per-space-group specialist,per_sg/SG63_4c.pt,2197271,a17838c23ef60792c7b768ff1358509ad29c3b71992314f124743583714d243c,SG63_4c,UFO_MGen_MP20_paper_weights.tar.zst,PENDING
SG63_6c,UFO-MGen MP20 per-space-group specialist (SG63_6c),Fig. 3 MP20 per-space-group benchmark pool,StructuredWyckoffVectorField per-space-group specialist,per_sg/SG63_6c.pt,2198295,3857923d7a7849f23214a9b29df964c5c0919c147de85ed6107187d9e570dc29,SG63_6c,UFO_MGen_MP20_paper_weights.tar.zst,PENDING
SG63_8c,UFO-MGen MP20 per-space-group specialist (SG63_8c),Fig. 3 MP20 per-space-group benchmark pool,StructuredWyckoffVectorField per-space-group specialist,per_sg/SG63_8c.pt,2199319,e7959ce5439ab09f72b1c3fed952b7913363b59645bac3b74b0ad1311e284c8f,SG63_8c,UFO_MGen_MP20_paper_weights.tar.zst,PENDING
SG6_4a_4b_12c,UFO-MGen MP20 per-space-group specialist (SG6_4a_4b_12c),Fig. 3 MP20 per-space-group benchmark pool,StructuredWyckoffVectorField per-space-group specialist,per_sg/SG6_4a_4b_12c.pt,2212759,b10889f11bbb9f40f301633621726c6881cbb388818a7560eefbca3ad2882b3f,SG6_4a_4b_12c,UFO_MGen_MP20_paper_weights.tar.zst,PENDING
SG71_1a_2g_2h_2i_2j_4k,UFO-MGen MP20 per-space-group specialist (SG71_1a_2g_2h_2i_2j_4k),Fig. 3 MP20 per-space-group benchmark pool,StructuredWyckoffVectorField per-space-group specialist,per_sg/SG71_1a_2g_2h_2i_2j_4k.pt,2201431,e13788e5aaf7bd70dfb9d6e09c54dd88d0fd35ae5bb0bc6c34bb97896a0216a1,SG71_1a_2g_2h_2i_2j_4k,UFO_MGen_MP20_paper_weights.tar.zst,PENDING
SG71_1a_2h_2j,UFO-MGen MP20 per-space-group specialist (SG71_1a_2h_2j),Fig. 3 MP20 per-space-group benchmark pool,StructuredWyckoffVectorField per-space-group specialist,per_sg/SG71_1a_2h_2j.pt,2198295,aed6ebd28af521464027399d2482f9c666db0a5e0f04f41a799cde72b5005555,SG71_1a_2h_2j,UFO_MGen_MP20_paper_weights.tar.zst,PENDING
SG72_2a_2b_4g_12j,UFO-MGen MP20 per-space-group specialist (SG72_2a_2b_4g_12j),Fig. 3 MP20 per-space-group benchmark pool,StructuredWyckoffVectorField per-space-group specialist,per_sg/SG72_2a_2b_4g_12j.pt,2202967,9adfe62600da3f1489ab2b5b3bacaf728be2e0ba5e1f73129da641ef1b8e0504,SG72_2a_2b_4g_12j,UFO_MGen_MP20_paper_weights.tar.zst,PENDING
SG74_2e_4h,UFO-MGen MP20 per-space-group specialist (SG74_2e_4h),Fig. 3 MP20 per-space-group benchmark pool,StructuredWyckoffVectorField per-space-group specialist,per_sg/SG74_2e_4h.pt,2198871,886c403c6b312854ef9f88a99f616ce9b581ee0145c556377d616631e638d583,SG74_2e_4h,UFO_MGen_MP20_paper_weights.tar.zst,PENDING
SG7_20a,UFO-MGen MP20 per-space-group specialist (SG7_20a),Fig. 3 MP20 per-space-group benchmark pool,StructuredWyckoffVectorField per-space-group specialist,per_sg/SG7_20a.pt,2208599,148b0ed1ee1c6b66b3cd0efd918285c4f387fef0ed4985b51aae4fcc60b822f2,SG7_20a,UFO_MGen_MP20_paper_weights.tar.zst,PENDING
SG88_2a_2b_8f,UFO-MGen MP20 per-space-group specialist (SG88_2a_2b_8f),Fig. 3 MP20 per-space-group benchmark pool,StructuredWyckoffVectorField per-space-group specialist,per_sg/SG88_2a_2b_8f.pt,2201431,e7f999314e3ad99ee5b0d1726250d7d6b4a9697e3861f8e13aa25b1cc2678d1f,SG88_2a_2b_8f,UFO_MGen_MP20_paper_weights.tar.zst,PENDING
SG8_12a,UFO-MGen MP20 per-space-group specialist (SG8_12a),Fig. 3 MP20 per-space-group benchmark pool,StructuredWyckoffVectorField per-space-group specialist,per_sg/SG8_12a.pt,2209111,226dfbabe0bd3d3c640b0706177b1352b9c179b4ae747503e80dafa39782d8cd,SG8_12a,UFO_MGen_MP20_paper_weights.tar.zst,PENDING
SG8_6a,UFO-MGen MP20 per-space-group specialist (SG8_6a),Fig. 3 MP20 per-space-group benchmark pool,StructuredWyckoffVectorField per-space-group specialist,per_sg/SG8_6a.pt,2202967,80eeaffca4055790d31eb24c66d8fc0bff34cdeff8c89446cae66b4eadfaaf6d,SG8_6a,UFO_MGen_MP20_paper_weights.tar.zst,PENDING
