route_id,route_key,spacegroup,scaffold,scaffold_id,route_train_count,data_package,checkpoint
R001,sg216_1a_1b_1c_1d_6f,216,1a;1b;1c;1d;6f,SG216|1a;1b;1c;1d;6f,973,data,stage3/sg216_1a1b1c1d6f_v1.pt
R002,sg194_2d_6h,194,2d;6h,SG194|2d;6h,957,data,stage3/sg194_2d6h_v1.pt
R003,sg221_1a_3c,221,1a;3c,SG221|1a;3c,820,data,stage3/sg221_1a3c_v1.pt
R004,sg139_1a_1b_2d,139,1a;1b;2d,SG139|1a;1b;2d,819,data,stage3/sg139_1a1b2d.pt
R005,sg139_1a_2d_2e,139,1a;2d;2e,SG139|1a;2d;2e,623,data,stage3/sg139_1a2d2e_v1.pt
R006,sg166_1a_1b_2c,166,1a;1b;2c,SG166|1a;1b;2c,510,data,stage3/sg166_1a1b2c_v1.pt
R007,sg221_1a_1b_3d,221,1a;1b;3d,SG221|1a;1b;3d,385,data,stage3/sg221_1a1b3d_v1.pt
R008,sg129_2a_2c_2c,129,2a;2c;2c,SG129|2a;2c;2c,322,data,stage3/sg129_2a2c2c_v1.pt
R009,sg194_2a_2c_2d,194,2a;2c;2d,SG194|2a;2c;2d,269,data,stage3/sg194_2a2c2d_v1.pt
R010,sg127_2a_4g_4h,127,2a;4g;4h,SG127|2a;4g;4h,221,data,stage3/sg127_2a4g4h_v1.pt
R011,sg230_8a_12c_12d_48h,230,8a;12c;12d;48h,SG230|8a;12c;12d;48h,213,data,stage3/sg230_8a12c12d48h_v1.pt
R012,sg191_1a_2c_3g,191,1a;2c;3g,SG191|1a;2c;3g,181,data,stage3/sg191_1a2c3g_v1.pt
R013,sg129_2a_2b_2c_2c_2c,129,2a;2b;2c;2c;2c,SG129|2a;2b;2c;2c;2c,151,data,stage3/sg129_2a2b2c2c2c_v1.pt
R014,sg123_1c_2h_2h,123,1c;2h;2h,SG123|1c;2h;2h,149,data,stage3/sg123_1c2h2h_v1.pt
R015,sg216_1a_1d_4e,216,1a;1d;4e,SG216|1a;1d;4e,147,data,stage3/sg216_1a1d4e_v1.pt
R016,sg225_1a_2c_6e,225,1a;2c;6e,SG225|1a;2c;6e,141,data,stage3/sg225_1a2c6e_v1.pt
R017,sg227_2b_4c_8e,227,2b;4c;8e,SG227|2b;4c;8e,140,data,stage3/sg227_2b4c8e_v1.pt
R018,sg227_2a_4d_8e,227,2a;4d;8e,SG227|2a;4d;8e,133,data,stage3/sg227_2a4d8e.pt
R019,sg140_2a_2c_4h_8l,140,2a;2c;4h;8l,SG140|2a;2c;4h;8l,129,data,stage3/sg140_2a2c4h8l_v1.pt
R020,sg139_1a_2c_2e_2e,139,1a;2c;2e;2e,SG139|1a;2c;2e;2e,113,data,stage3/sg139_1a2c2e2e_v1.pt
R021,sg201_2a_4b_4c_6d_24h,201,2a;4b;4c;6d;24h,SG201|2a;4b;4c;6d;24h,111,data,stage3/sg201_2a4b4c6d24h_v1.pt
R022,sg139_1a_2e,139,1a;2e,SG139|1a;2e,111,data,stage3/sg139_1a2e_v1.pt
R023,sg123_1c_1d_2h_2h,123,1c;1d;2h;2h,SG123|1c;1d;2h;2h,109,data,stage3/sg123_1c1d2h2h_v1.pt
R024,sg191_1a_2d,191,1a;2d,SG191|1a;2d,105,data,stage3/sg191_1a2d_v1.pt
R025,sg227_2b_4c_4d_12f,227,2b;4c;4d;12f,SG227|2b;4c;4d;12f,104,data,stage3/sg227_2b4c4d12f_v1.pt
R026,sg139_1a_4f_4i_4j,139,1a;4f;4i;4j,SG139|1a;4f;4i;4j,101,data,stage3/sg139_1a4f4i4j_v1.pt
R027,sg189_1b_2c_3f_3g,189,1b;2c;3f;3g,SG189|1b;2c;3f;3g,317,data,stage3/sg189_1b2c3f3g_v1.pt
R028,sg123_1a_1b_1c_1d_2e_2f_4j_4k_4l_4m_4n_4o,123,1a;1b;1c;1d;2e;2f;4j;4k;4l;4m;4n;4o,SG123|1a;1b;1c;1d;2e;2f;4j;4k;4l;4m;4n;4o,240,data,stage3/sg123_1a1b1c1d2e2f4j4k4l4m4n4o_v1.pt
R029,sg189_1a_2d_3f_3g,189,1a;2d;3f;3g,SG189|1a;2d;3f;3g,214,data,stage3/sg189_1a2d3f3g_v1.pt
R030,sg164_1a_2d_2d,164,1a;2d;2d,SG164|1a;2d;2d,211,data,stage3/sg164_1a2d2d_v1.pt
R031,sg193_2b_4d_6g_6g,193,2b;4d;6g;6g,SG193|2b;4d;6g;6g,188,data,stage3/sg193_2b4d6g6g_v1.pt
R032,sg194_2a_4f_6h,194,2a;4f;6h,SG194|2a;4f;6h,184,data,stage3/sg194_2a4f6h_v1.pt
R033,sg166_1b_2c_2c_3e_6h,166,1b;2c;2c;3e;6h,SG166|1b;2c;2c;3e;6h,175,data,stage3/sg166_1b2c2c3e6h_v1.pt
R034,sg160_1a_1a_1a_1a,160,1a;1a;1a;1a,SG160|1a;1a;1a;1a,139,data,stage3/sg160_1a1a1a1a_v1.pt
R035,sg193_4d_6g_6g,193,4d;6g;6g,SG193|4d;6g;6g,133,data,stage3/sg193_4d6g6g_v1.pt
R036,sg186_2a_2b_2b,186,2a;2b;2b,SG186|2a;2b;2b,118,data,stage3/sg186_2a2b2b_v1.pt
R037,sg107_1a_1a_1a_2b,107,1a;1a;1a;2b,SG107|1a;1a;1a;2b,108,data,stage3/sg107_1a1a1a2b_v1.pt
R038,sg216_4e_4e_4e_6f_6g,216,4e;4e;4e;6f;6g,SG216|4e;4e;4e;6f;6g,102,data,stage3/sg216_4e4e4e6f6g.pt
R039,sg71_1a_1b_2e,71,1a;1b;2e,SG71|1a;1b;2e,1456,data,stage3/sg71_1a1b2e_v1.pt
R040,sg71_1a_1d_2g,71,1a;1d;2g,SG71|1a;1d;2g,243,data,stage3/sg71_1a1d2g_v1.pt
R041,sg63_2c_2c,63,2c;2c,SG63|2c;2c,134,data,stage3/sg63_2c2c.pt
R042,sg187_1a_1b_2i_3j_3k_6n,187,1a;1b;2i;3j;3k;6n,SG187|1a;1b;2i;3j;3k;6n,442,data,stage3/sg187_1a1b2i3j3k6n.pt
R043,sg62_4c_4c_4c_4c,62,4c;4c;4c;4c,SG62|4c;4c;4c;4c,117,data,stage3/sg62_4c4c4c4c_v1.pt
R044,sg38_1a_1a_1b_1b_2d_2e,38,1a;1a;1b;1b;2d;2e,SG38|1a;1a;1b;1b;2d;2e,877,data,stage3/sg38_1a1a1b1b2d2e_v1.pt
R045,sg62_4c_4c_8d,62,4c;4c;8d,SG62|4c;4c;8d,161,data,stage3/sg62_4c4c8d_v1.pt
R046,sg12_1a_2i_2i_2i,12,1a;2i;2i;2i,SG12|1a;2i;2i;2i,104,data,stage3/sg12_1a2i2i2i_v1.pt
R047,sg63_2c_2c_4f_4f_4f,63,2c;2c;4f;4f;4f,SG63|2c;2c;4f;4f;4f,109,data,stage3/sg63_2c2c4f4f4f_v1.pt
R048,sg14_4e_4e_4e_4e_4e_4e_4e,14,4e;4e;4e;4e;4e;4e;4e,SG14|4e;4e;4e;4e;4e;4e;4e,346,data,stage3/sg14_4e4e4e4e4e4e4e_v1.pt
R049,sg173_2a_2b_2b_6c_6c_6c,173,2a;2b;2b;6c;6c;6c,SG173|2a;2b;2b;6c;6c;6c,160,data,stage3/sg173_2a2b2b6c6c6c_v1.pt
R050,sg62_4c_4c_4c_4c_4c_4c_4c_4c_4c,62,4c;4c;4c;4c;4c;4c;4c;4c;4c,SG62|4c;4c;4c;4c;4c;4c;4c;4c;4c,142,data,stage3/sg62_4c4c4c4c4c4c4c4c4c_v1.pt
R051,sg14_4e_4e_4e_4e_4e_4e_4e_4e_4e,14,4e;4e;4e;4e;4e;4e;4e;4e;4e,SG14|4e;4e;4e;4e;4e;4e;4e;4e;4e,329,data,stage3/sg14_4e4e4e4e4e4e4e4e4e_v1.pt
R052,sg14_4e_4e_4e_4e_4e_4e_4e_4e_4e_4e,14,4e;4e;4e;4e;4e;4e;4e;4e;4e;4e,SG14|4e;4e;4e;4e;4e;4e;4e;4e;4e;4e,429,data,stage3/sg14_4e4e4e4e4e4e4e4e4e4e_v1.pt
R053,sg14_4e_4e_4e_4e_4e_4e_4e_4e_4e_4e_4e,14,4e;4e;4e;4e;4e;4e;4e;4e;4e;4e;4e,SG14|4e;4e;4e;4e;4e;4e;4e;4e;4e;4e;4e,418,data,stage3/sg14_4e4e4e4e4e4e4e4e4e4e4e_v1.pt
R054,sg1_1a_1a_1a_1a_1a_1a_1a_1a_1a_1a_1a_1a_1a_1a_1a_1a_1a_1a_1a_1a_1a_1a_1a_1a_1a_1a_1a_1a_1a_1a_1a_1a_1a_1a_1a_1a_1a_1a_1a_1a,1,1a;1a;1a;1a;1a;1a;1a;1a;1a;1a;1a;1a;1a;1a;1a;1a;1a;1a;1a;1a;1a;1a;1a;1a;1a;1a;1a;1a;1a;1a;1a;1a;1a;1a;1a;1a;1a;1a;1a;1a,SG1|1a;1a;1a;1a;1a;1a;1a;1a;1a;1a;1a;1a;1a;1a;1a;1a;1a;1a;1a;1a;1a;1a;1a;1a;1a;1a;1a;1a;1a;1a;1a;1a;1a;1a;1a;1a;1a;1a;1a;1a,500,data,stage3/sg1_1a1a1a1a1a1a1a1a1a1a1a1a1a1a1a1a1a1a1a1a1a1a1a1a1a1a1a1a1a1a1a1a1a1a1a1a1a1a1a1a_v1.pt
R055,sg1_1a_1a_1a_1a_1a_1a_1a_1a_1a_1a_1a_1a_1a_1a_1a_1a_1a_1a_1a_1a_1a_1a_1a_1a_1a_1a_1a_1a_1a_1a_1a_1a_1a_1a_1a_1a_1a,1,1a;1a;1a;1a;1a;1a;1a;1a;1a;1a;1a;1a;1a;1a;1a;1a;1a;1a;1a;1a;1a;1a;1a;1a;1a;1a;1a;1a;1a;1a;1a;1a;1a;1a;1a;1a;1a,SG1|1a;1a;1a;1a;1a;1a;1a;1a;1a;1a;1a;1a;1a;1a;1a;1a;1a;1a;1a;1a;1a;1a;1a;1a;1a;1a;1a;1a;1a;1a;1a;1a;1a;1a;1a;1a;1a,133,data,stage3/sg1_1a1a1a1a1a1a1a1a1a1a1a1a1a1a1a1a1a1a1a1a1a1a1a1a1a1a1a1a1a1a1a1a1a1a1a1a1a_v1.pt
R056,sg1_1a_1a_1a_1a_1a_1a_1a_1a_1a_1a_1a_1a_1a_1a_1a_1a_1a_1a_1a_1a_1a_1a_1a_1a_1a_1a_1a_1a_1a_1a_1a_1a_1a_1a_1a_1a,1,1a;1a;1a;1a;1a;1a;1a;1a;1a;1a;1a;1a;1a;1a;1a;1a;1a;1a;1a;1a;1a;1a;1a;1a;1a;1a;1a;1a;1a;1a;1a;1a;1a;1a;1a;1a,SG1|1a;1a;1a;1a;1a;1a;1a;1a;1a;1a;1a;1a;1a;1a;1a;1a;1a;1a;1a;1a;1a;1a;1a;1a;1a;1a;1a;1a;1a;1a;1a;1a;1a;1a;1a;1a,231,data,stage3/sg1_1a1a1a1a1a1a1a1a1a1a1a1a1a1a1a1a1a1a1a1a1a1a1a1a1a1a1a1a1a1a1a1a1a1a1a1a_v1.pt
R057,sg1_1a_1a_1a_1a_1a_1a_1a_1a_1a_1a_1a_1a_1a_1a_1a_1a_1a_1a_1a_1a_1a_1a_1a_1a_1a_1a_1a_1a_1a_1a_1a_1a,1,1a;1a;1a;1a;1a;1a;1a;1a;1a;1a;1a;1a;1a;1a;1a;1a;1a;1a;1a;1a;1a;1a;1a;1a;1a;1a;1a;1a;1a;1a;1a;1a,SG1|1a;1a;1a;1a;1a;1a;1a;1a;1a;1a;1a;1a;1a;1a;1a;1a;1a;1a;1a;1a;1a;1a;1a;1a;1a;1a;1a;1a;1a;1a;1a;1a,450,data,stage3/sg1_1a1a1a1a1a1a1a1a1a1a1a1a1a1a1a1a1a1a1a1a1a1a1a1a1a1a1a1a1a1a1a1a_v1.pt
R058,sg1_1a_1a_1a_1a_1a_1a_1a_1a_1a_1a_1a_1a_1a_1a_1a_1a_1a_1a_1a_1a_1a_1a_1a_1a_1a_1a_1a_1a_1a_1a,1,1a;1a;1a;1a;1a;1a;1a;1a;1a;1a;1a;1a;1a;1a;1a;1a;1a;1a;1a;1a;1a;1a;1a;1a;1a;1a;1a;1a;1a;1a,SG1|1a;1a;1a;1a;1a;1a;1a;1a;1a;1a;1a;1a;1a;1a;1a;1a;1a;1a;1a;1a;1a;1a;1a;1a;1a;1a;1a;1a;1a;1a,224,data,stage3/sg1_1a1a1a1a1a1a1a1a1a1a1a1a1a1a1a1a1a1a1a1a1a1a1a1a1a1a1a1a1a1a_v1.pt
R059,sg1_1a_1a_1a_1a_1a_1a_1a_1a_1a_1a_1a_1a_1a_1a_1a_1a_1a_1a_1a_1a_1a_1a_1a_1a_1a_1a_1a_1a,1,1a;1a;1a;1a;1a;1a;1a;1a;1a;1a;1a;1a;1a;1a;1a;1a;1a;1a;1a;1a;1a;1a;1a;1a;1a;1a;1a;1a,SG1|1a;1a;1a;1a;1a;1a;1a;1a;1a;1a;1a;1a;1a;1a;1a;1a;1a;1a;1a;1a;1a;1a;1a;1a;1a;1a;1a;1a,557,data,stage3/sg1_1a1a1a1a1a1a1a1a1a1a1a1a1a1a1a1a1a1a1a1a1a1a1a1a1a1a1a1a_v1.pt
R060,sg1_1a_1a_1a_1a_1a_1a_1a_1a_1a_1a_1a_1a_1a_1a_1a_1a_1a_1a_1a_1a_1a_1a_1a_1a_1a_1a,1,1a;1a;1a;1a;1a;1a;1a;1a;1a;1a;1a;1a;1a;1a;1a;1a;1a;1a;1a;1a;1a;1a;1a;1a;1a;1a,SG1|1a;1a;1a;1a;1a;1a;1a;1a;1a;1a;1a;1a;1a;1a;1a;1a;1a;1a;1a;1a;1a;1a;1a;1a;1a;1a,138,data,stage3/sg1_1a1a1a1a1a1a1a1a1a1a1a1a1a1a1a1a1a1a1a1a1a1a1a1a1a1a_v1.pt
R061,sg1_1a_1a_1a_1a_1a_1a_1a_1a_1a_1a_1a_1a_1a_1a_1a_1a_1a_1a_1a_1a_1a_1a_1a_1a_1a,1,1a;1a;1a;1a;1a;1a;1a;1a;1a;1a;1a;1a;1a;1a;1a;1a;1a;1a;1a;1a;1a;1a;1a;1a;1a,SG1|1a;1a;1a;1a;1a;1a;1a;1a;1a;1a;1a;1a;1a;1a;1a;1a;1a;1a;1a;1a;1a;1a;1a;1a;1a,237,data,stage3/sg1_1a1a1a1a1a1a1a1a1a1a1a1a1a1a1a1a1a1a1a1a1a1a1a1a1a_v1.pt
R062,sg1_1a_1a_1a_1a_1a_1a_1a_1a_1a_1a_1a_1a_1a_1a_1a_1a_1a_1a_1a_1a_1a_1a_1a_1a,1,1a;1a;1a;1a;1a;1a;1a;1a;1a;1a;1a;1a;1a;1a;1a;1a;1a;1a;1a;1a;1a;1a;1a;1a,SG1|1a;1a;1a;1a;1a;1a;1a;1a;1a;1a;1a;1a;1a;1a;1a;1a;1a;1a;1a;1a;1a;1a;1a;1a,394,data,stage3/sg1_1a1a1a1a1a1a1a1a1a1a1a1a1a1a1a1a1a1a1a1a1a1a1a1a_v1.pt
R063,sg1_1a_1a_1a_1a_1a_1a_1a_1a_1a_1a_1a_1a_1a_1a_1a_1a_1a_1a_1a_1a_1a_1a,1,1a;1a;1a;1a;1a;1a;1a;1a;1a;1a;1a;1a;1a;1a;1a;1a;1a;1a;1a;1a;1a;1a,SG1|1a;1a;1a;1a;1a;1a;1a;1a;1a;1a;1a;1a;1a;1a;1a;1a;1a;1a;1a;1a;1a;1a,234,data,stage3/sg1_1a1a1a1a1a1a1a1a1a1a1a1a1a1a1a1a1a1a1a1a1a1a_v1.pt
R064,sg1_1a_1a_1a_1a_1a_1a_1a_1a_1a_1a_1a_1a_1a_1a_1a_1a_1a_1a_1a_1a_1a,1,1a;1a;1a;1a;1a;1a;1a;1a;1a;1a;1a;1a;1a;1a;1a;1a;1a;1a;1a;1a;1a,SG1|1a;1a;1a;1a;1a;1a;1a;1a;1a;1a;1a;1a;1a;1a;1a;1a;1a;1a;1a;1a;1a,251,data,stage3/sg1_1a1a1a1a1a1a1a1a1a1a1a1a1a1a1a1a1a1a1a1a1a_v1.pt
R065,sg1_1a_1a_1a_1a_1a_1a_1a_1a_1a_1a_1a_1a_1a_1a_1a_1a_1a_1a_1a_1a,1,1a;1a;1a;1a;1a;1a;1a;1a;1a;1a;1a;1a;1a;1a;1a;1a;1a;1a;1a;1a,SG1|1a;1a;1a;1a;1a;1a;1a;1a;1a;1a;1a;1a;1a;1a;1a;1a;1a;1a;1a;1a,427,data,stage3/sg1_1a1a1a1a1a1a1a1a1a1a1a1a1a1a1a1a1a1a1a1a_v1.pt
R066,sg1_1a_1a_1a_1a_1a_1a_1a_1a_1a_1a_1a_1a_1a_1a_1a_1a_1a_1a_1a,1,1a;1a;1a;1a;1a;1a;1a;1a;1a;1a;1a;1a;1a;1a;1a;1a;1a;1a;1a,SG1|1a;1a;1a;1a;1a;1a;1a;1a;1a;1a;1a;1a;1a;1a;1a;1a;1a;1a;1a,727,data,stage3/sg1_1a1a1a1a1a1a1a1a1a1a1a1a1a1a1a1a1a1a1a_v1.pt
R067,sg1_1a_1a_1a_1a_1a_1a_1a_1a_1a_1a_1a_1a_1a_1a_1a_1a_1a_1a,1,1a;1a;1a;1a;1a;1a;1a;1a;1a;1a;1a;1a;1a;1a;1a;1a;1a;1a,SG1|1a;1a;1a;1a;1a;1a;1a;1a;1a;1a;1a;1a;1a;1a;1a;1a;1a;1a,338,data,stage3/sg1_1a1a1a1a1a1a1a1a1a1a1a1a1a1a1a1a1a1a_v1.pt
R068,sg1_1a_1a_1a_1a_1a_1a_1a_1a_1a_1a_1a_1a_1a_1a_1a_1a_1a,1,1a;1a;1a;1a;1a;1a;1a;1a;1a;1a;1a;1a;1a;1a;1a;1a;1a,SG1|1a;1a;1a;1a;1a;1a;1a;1a;1a;1a;1a;1a;1a;1a;1a;1a;1a,300,data,stage3/sg1_1a1a1a1a1a1a1a1a1a1a1a1a1a1a1a1a1a_v1.pt
R069,sg1_1a_1a_1a_1a_1a_1a_1a_1a_1a_1a_1a_1a_1a_1a_1a_1a,1,1a;1a;1a;1a;1a;1a;1a;1a;1a;1a;1a;1a;1a;1a;1a;1a,SG1|1a;1a;1a;1a;1a;1a;1a;1a;1a;1a;1a;1a;1a;1a;1a;1a,295,data,stage3/sg1_1a1a1a1a1a1a1a1a1a1a1a1a1a1a1a1a_v1.pt
R070,sg1_1a_1a_1a_1a_1a_1a_1a_1a_1a_1a_1a_1a_1a_1a_1a,1,1a;1a;1a;1a;1a;1a;1a;1a;1a;1a;1a;1a;1a;1a;1a,SG1|1a;1a;1a;1a;1a;1a;1a;1a;1a;1a;1a;1a;1a;1a;1a,251,data,stage3/sg1_1a1a1a1a1a1a1a1a1a1a1a1a1a1a1a_v1.pt
R071,sg1_1a_1a_1a_1a_1a_1a_1a_1a_1a_1a_1a_1a_1a_1a,1,1a;1a;1a;1a;1a;1a;1a;1a;1a;1a;1a;1a;1a;1a,SG1|1a;1a;1a;1a;1a;1a;1a;1a;1a;1a;1a;1a;1a;1a,271,data,stage3/sg1_1a1a1a1a1a1a1a1a1a1a1a1a1a1a_v1.pt
R072,sg1_1a_1a_1a_1a_1a_1a_1a_1a_1a_1a_1a_1a_1a,1,1a;1a;1a;1a;1a;1a;1a;1a;1a;1a;1a;1a;1a,SG1|1a;1a;1a;1a;1a;1a;1a;1a;1a;1a;1a;1a;1a,357,data,stage3/sg1_1a1a1a1a1a1a1a1a1a1a1a1a1a_v1.pt
R073,sg1_1a_1a_1a_1a_1a_1a_1a_1a_1a_1a_1a_1a,1,1a;1a;1a;1a;1a;1a;1a;1a;1a;1a;1a;1a,SG1|1a;1a;1a;1a;1a;1a;1a;1a;1a;1a;1a;1a,207,data,stage3/sg1_1a1a1a1a1a1a1a1a1a1a1a1a_v1.pt
R074,sg1_1a_1a_1a_1a_1a_1a_1a_1a_1a_1a_1a,1,1a;1a;1a;1a;1a;1a;1a;1a;1a;1a;1a,SG1|1a;1a;1a;1a;1a;1a;1a;1a;1a;1a;1a,229,data,stage3/sg1_1a1a1a1a1a1a1a1a1a1a1a_v1.pt
R075,sg2_2i_2i_2i_2i_2i_2i_2i_2i_2i_2i_2i_2i_2i_2i_2i_2i_2i_2i_2i_2i_2i_2i,2,2i;2i;2i;2i;2i;2i;2i;2i;2i;2i;2i;2i;2i;2i;2i;2i;2i;2i;2i;2i;2i;2i,SG2|2i;2i;2i;2i;2i;2i;2i;2i;2i;2i;2i;2i;2i;2i;2i;2i;2i;2i;2i;2i;2i;2i,116,data,stage3/sg2_2i2i2i2i2i2i2i2i2i2i2i2i2i2i2i2i2i2i2i2i2i2i_v1.pt
R076,sg2_2i_2i_2i_2i_2i_2i_2i_2i_2i_2i_2i_2i_2i_2i_2i_2i_2i_2i_2i_2i,2,2i;2i;2i;2i;2i;2i;2i;2i;2i;2i;2i;2i;2i;2i;2i;2i;2i;2i;2i;2i,SG2|2i;2i;2i;2i;2i;2i;2i;2i;2i;2i;2i;2i;2i;2i;2i;2i;2i;2i;2i;2i,110,data,stage3/sg2_2i2i2i2i2i2i2i2i2i2i2i2i2i2i2i2i2i2i2i2i_v1.pt
R077,sg2_2i_2i_2i_2i_2i_2i_2i_2i_2i_2i_2i_2i_2i_2i_2i_2i_2i_2i_2i,2,2i;2i;2i;2i;2i;2i;2i;2i;2i;2i;2i;2i;2i;2i;2i;2i;2i;2i;2i,SG2|2i;2i;2i;2i;2i;2i;2i;2i;2i;2i;2i;2i;2i;2i;2i;2i;2i;2i;2i,112,data,stage3/sg2_2i2i2i2i2i2i2i2i2i2i2i2i2i2i2i2i2i2i2i_v1.pt
R078,sg2_2i_2i_2i_2i_2i_2i_2i_2i_2i_2i_2i_2i_2i_2i_2i_2i_2i_2i,2,2i;2i;2i;2i;2i;2i;2i;2i;2i;2i;2i;2i;2i;2i;2i;2i;2i;2i,SG2|2i;2i;2i;2i;2i;2i;2i;2i;2i;2i;2i;2i;2i;2i;2i;2i;2i;2i,153,data,stage3/sg2_2i2i2i2i2i2i2i2i2i2i2i2i2i2i2i2i2i2i_v1.pt
R079,sg2_2i_2i_2i_2i_2i_2i_2i_2i_2i_2i_2i_2i_2i_2i_2i_2i,2,2i;2i;2i;2i;2i;2i;2i;2i;2i;2i;2i;2i;2i;2i;2i;2i,SG2|2i;2i;2i;2i;2i;2i;2i;2i;2i;2i;2i;2i;2i;2i;2i;2i,116,data,stage3/sg2_2i2i2i2i2i2i2i2i2i2i2i2i2i2i2i2i_v1.pt
R080,sg2_2i_2i_2i_2i_2i_2i_2i_2i_2i_2i_2i_2i_2i_2i_2i,2,2i;2i;2i;2i;2i;2i;2i;2i;2i;2i;2i;2i;2i;2i;2i,SG2|2i;2i;2i;2i;2i;2i;2i;2i;2i;2i;2i;2i;2i;2i;2i,138,data,stage3/sg2_2i2i2i2i2i2i2i2i2i2i2i2i2i2i2i_v1.pt
R081,sg2_2i_2i_2i_2i_2i_2i_2i_2i_2i_2i_2i_2i_2i_2i,2,2i;2i;2i;2i;2i;2i;2i;2i;2i;2i;2i;2i;2i;2i,SG2|2i;2i;2i;2i;2i;2i;2i;2i;2i;2i;2i;2i;2i;2i,210,data,stage3/sg2_2i2i2i2i2i2i2i2i2i2i2i2i2i2i_v1.pt
R082,sg2_2i_2i_2i_2i_2i_2i_2i_2i_2i_2i_2i_2i_2i,2,2i;2i;2i;2i;2i;2i;2i;2i;2i;2i;2i;2i;2i,SG2|2i;2i;2i;2i;2i;2i;2i;2i;2i;2i;2i;2i;2i,171,data,stage3/sg2_2i2i2i2i2i2i2i2i2i2i2i2i2i_v1.pt
R083,sg2_2i_2i_2i_2i_2i_2i_2i_2i_2i_2i_2i_2i,2,2i;2i;2i;2i;2i;2i;2i;2i;2i;2i;2i;2i,SG2|2i;2i;2i;2i;2i;2i;2i;2i;2i;2i;2i;2i,236,data,stage3/sg2_2i2i2i2i2i2i2i2i2i2i2i2i_v1.pt
R084,sg2_1c_1d_1f_1g_2i_2i_2i_2i_2i_2i_2i_2i,2,1c;1d;1f;1g;2i;2i;2i;2i;2i;2i;2i;2i,SG2|1c;1d;1f;1g;2i;2i;2i;2i;2i;2i;2i;2i,137,data,stage3/sg2_1c1d1f1g2i2i2i2i2i2i2i2i_v1.pt
R085,sg2_2i_2i_2i_2i_2i_2i_2i_2i_2i_2i_2i,2,2i;2i;2i;2i;2i;2i;2i;2i;2i;2i;2i,SG2|2i;2i;2i;2i;2i;2i;2i;2i;2i;2i;2i,302,data,stage3/sg2_2i2i2i2i2i2i2i2i2i2i2i_v1.pt
R086,sg2_2i_2i_2i_2i_2i_2i_2i_2i_2i_2i,2,2i;2i;2i;2i;2i;2i;2i;2i;2i;2i,SG2|2i;2i;2i;2i;2i;2i;2i;2i;2i;2i,155,data,stage3/sg2_2i2i2i2i2i2i2i2i2i2i_v1.pt
R087,sg2_2i_2i_2i_2i_2i_2i_2i_2i_2i,2,2i;2i;2i;2i;2i;2i;2i;2i;2i,SG2|2i;2i;2i;2i;2i;2i;2i;2i;2i,166,data,stage3/sg2_2i2i2i2i2i2i2i2i2i_v1.pt
R088,sg2_2i_2i_2i_2i_2i_2i_2i_2i,2,2i;2i;2i;2i;2i;2i;2i;2i,SG2|2i;2i;2i;2i;2i;2i;2i;2i,126,data,stage3/sg2_2i2i2i2i2i2i2i2i_v1.pt
R089,sg2_2i_2i_2i_2i_2i_2i,2,2i;2i;2i;2i;2i;2i,SG2|2i;2i;2i;2i;2i;2i,124,data,stage3/sg2_2i2i2i2i2i2i_v1.pt
R090,sg14_4e_4e_4e_4e_4e_4e_4e_4e_4e_4e_4e_4e_4e_4e_4e_4e_4e_4e_4e_4e_4e_4e,14,4e;4e;4e;4e;4e;4e;4e;4e;4e;4e;4e;4e;4e;4e;4e;4e;4e;4e;4e;4e;4e;4e,SG14|4e;4e;4e;4e;4e;4e;4e;4e;4e;4e;4e;4e;4e;4e;4e;4e;4e;4e;4e;4e;4e;4e,149,data,stage3/sg14_4e4e4e4e4e4e4e4e4e4e4e4e4e4e4e4e4e4e4e4e4e4e_v1_boltz_beta5_20260329.pt
R091,sg14_4e_4e_4e_4e_4e_4e_4e_4e_4e_4e_4e_4e_4e_4e_4e_4e_4e_4e_4e_4e_4e,14,4e;4e;4e;4e;4e;4e;4e;4e;4e;4e;4e;4e;4e;4e;4e;4e;4e;4e;4e;4e;4e,SG14|4e;4e;4e;4e;4e;4e;4e;4e;4e;4e;4e;4e;4e;4e;4e;4e;4e;4e;4e;4e;4e,124,data,stage3/sg14_4e4e4e4e4e4e4e4e4e4e4e4e4e4e4e4e4e4e4e4e4e_v1_boltz_beta5_20260329.pt
R092,sg14_4e_4e_4e_4e_4e_4e_4e_4e_4e_4e_4e_4e_4e_4e_4e_4e_4e_4e_4e_4e,14,4e;4e;4e;4e;4e;4e;4e;4e;4e;4e;4e;4e;4e;4e;4e;4e;4e;4e;4e;4e,SG14|4e;4e;4e;4e;4e;4e;4e;4e;4e;4e;4e;4e;4e;4e;4e;4e;4e;4e;4e;4e,183,data,stage3/sg14_4e4e4e4e4e4e4e4e4e4e4e4e4e4e4e4e4e4e4e4e_v1.pt
R093,sg14_4e_4e_4e_4e_4e_4e_4e_4e_4e_4e_4e_4e_4e_4e_4e_4e_4e_4e_4e,14,4e;4e;4e;4e;4e;4e;4e;4e;4e;4e;4e;4e;4e;4e;4e;4e;4e;4e;4e,SG14|4e;4e;4e;4e;4e;4e;4e;4e;4e;4e;4e;4e;4e;4e;4e;4e;4e;4e;4e,153,data,stage3/sg14_4e4e4e4e4e4e4e4e4e4e4e4e4e4e4e4e4e4e4e_v1_boltz_beta5_20260329.pt
R094,sg14_4e_4e_4e_4e_4e_4e_4e_4e_4e_4e_4e_4e_4e_4e_4e_4e_4e_4e,14,4e;4e;4e;4e;4e;4e;4e;4e;4e;4e;4e;4e;4e;4e;4e;4e;4e;4e,SG14|4e;4e;4e;4e;4e;4e;4e;4e;4e;4e;4e;4e;4e;4e;4e;4e;4e;4e,290,data,stage3/sg14_4e4e4e4e4e4e4e4e4e4e4e4e4e4e4e4e4e4e_v1_boltz_beta5_20260329.pt
R095,sg14_4e_4e_4e_4e_4e_4e_4e_4e_4e_4e_4e_4e_4e_4e_4e_4e_4e,14,4e;4e;4e;4e;4e;4e;4e;4e;4e;4e;4e;4e;4e;4e;4e;4e;4e,SG14|4e;4e;4e;4e;4e;4e;4e;4e;4e;4e;4e;4e;4e;4e;4e;4e;4e,239,data,stage3/sg14_4e4e4e4e4e4e4e4e4e4e4e4e4e4e4e4e4e_v1.pt
R096,sg14_4e_4e_4e_4e_4e_4e_4e_4e_4e_4e_4e_4e_4e_4e_4e_4e,14,4e;4e;4e;4e;4e;4e;4e;4e;4e;4e;4e;4e;4e;4e;4e;4e,SG14|4e;4e;4e;4e;4e;4e;4e;4e;4e;4e;4e;4e;4e;4e;4e;4e,241,data,stage3/sg14_4e4e4e4e4e4e4e4e4e4e4e4e4e4e4e4e_v1.pt
R097,sg14_4e_4e_4e_4e_4e_4e_4e_4e_4e_4e_4e_4e_4e_4e_4e,14,4e;4e;4e;4e;4e;4e;4e;4e;4e;4e;4e;4e;4e;4e;4e,SG14|4e;4e;4e;4e;4e;4e;4e;4e;4e;4e;4e;4e;4e;4e;4e,221,data,stage3/sg14_4e4e4e4e4e4e4e4e4e4e4e4e4e4e4e_v1.pt
R098,sg14_4e_4e_4e_4e_4e_4e_4e_4e_4e_4e_4e_4e_4e_4e,14,4e;4e;4e;4e;4e;4e;4e;4e;4e;4e;4e;4e;4e;4e,SG14|4e;4e;4e;4e;4e;4e;4e;4e;4e;4e;4e;4e;4e;4e,344,data,stage3/sg14_4e4e4e4e4e4e4e4e4e4e4e4e4e4e_v1.pt
R099,sg14_4e_4e_4e_4e_4e_4e_4e_4e_4e_4e_4e_4e_4e,14,4e;4e;4e;4e;4e;4e;4e;4e;4e;4e;4e;4e;4e,SG14|4e;4e;4e;4e;4e;4e;4e;4e;4e;4e;4e;4e;4e,329,data,stage3/sg14_4e4e4e4e4e4e4e4e4e4e4e4e4e_v1.pt
R100,sg14_4e_4e_4e_4e_4e_4e_4e_4e_4e_4e_4e_4e,14,4e;4e;4e;4e;4e;4e;4e;4e;4e;4e;4e;4e,SG14|4e;4e;4e;4e;4e;4e;4e;4e;4e;4e;4e;4e,365,data,stage3/sg14_4e4e4e4e4e4e4e4e4e4e4e4e_v1.pt
R101,sg14_4e_4e_4e_4e_4e_4e_4e_4e_4e_4e_4e,14,4e;4e;4e;4e;4e;4e;4e;4e;4e;4e;4e,SG14|4e;4e;4e;4e;4e;4e;4e;4e;4e;4e;4e,429,data,stage3/sg14_4e4e4e4e4e4e4e4e4e4e4e_v1.pt
R102,sg14_4e_4e_4e_4e_4e_4e_4e_4e_4e_4e,14,4e;4e;4e;4e;4e;4e;4e;4e;4e;4e,SG14|4e;4e;4e;4e;4e;4e;4e;4e;4e;4e,412,data,stage3/sg14_4e4e4e4e4e4e4e4e4e4e_v1.pt
R103,sg14_4e_4e_4e_4e_4e_4e_4e_4e_4e,14,4e;4e;4e;4e;4e;4e;4e;4e;4e,SG14|4e;4e;4e;4e;4e;4e;4e;4e;4e,331,data,stage3/sg14_4e4e4e4e4e4e4e4e4e_v1.pt
R104,sg14_4e_4e_4e_4e_4e_4e_4e_4e,14,4e;4e;4e;4e;4e;4e;4e;4e,SG14|4e;4e;4e;4e;4e;4e;4e;4e,368,data,stage3/sg14_4e4e4e4e4e4e4e4e_v1.pt
R105,sg14_4e_4e_4e_4e_4e_4e_4e,14,4e;4e;4e;4e;4e;4e;4e,SG14|4e;4e;4e;4e;4e;4e;4e,349,data,stage3/sg14_4e4e4e4e4e4e4e_v2.pt
R106,sg15_2e_2e_4f_4f_4f_4f_4f_4f_4f_4f,15,2e;2e;4f;4f;4f;4f;4f;4f;4f;4f,SG15|2e;2e;4f;4f;4f;4f;4f;4f;4f;4f,111,data,stage3/sg15_2e2e4f4f4f4f4f4f4f4f_v1.pt
R107,sg15_2e_2e_4f_4f_4f_4f_4f,15,2e;2e;4f;4f;4f;4f;4f,SG15|2e;2e;4f;4f;4f;4f;4f,150,data,stage3/sg15_2e2e4f4f4f4f4f_v1.pt
R108,sg15_2e_4f_4f_4f_4f_4f_4f,15,2e;4f;4f;4f;4f;4f;4f,SG15|2e;4f;4f;4f;4f;4f;4f,130,data,stage3/sg15_2e4f4f4f4f4f4f_v1.pt
R109,sg15_2e_2e_4f_4f_4f_4f,15,2e;2e;4f;4f;4f;4f,SG15|2e;2e;4f;4f;4f;4f,165,data,stage3/sg15_2e2e4f4f4f4f_v1.pt
R110,sg9_2a_2a_2a_2a_2a_2a_2a_2a_2a_2a_2a_2a_2a_2a_2a_2a_2a_2a_2a_2a,9,2a;2a;2a;2a;2a;2a;2a;2a;2a;2a;2a;2a;2a;2a;2a;2a;2a;2a;2a;2a,SG9|2a;2a;2a;2a;2a;2a;2a;2a;2a;2a;2a;2a;2a;2a;2a;2a;2a;2a;2a;2a,157,data,stage3/sg9_2a2a2a2a2a2a2a2a2a2a2a2a2a2a2a2a2a2a2a2a_v1.pt
R111,sg9_2a_2a_2a_2a_2a_2a_2a_2a_2a_2a_2a_2a_2a_2a_2a_2a_2a_2a_2a,9,2a;2a;2a;2a;2a;2a;2a;2a;2a;2a;2a;2a;2a;2a;2a;2a;2a;2a;2a,SG9|2a;2a;2a;2a;2a;2a;2a;2a;2a;2a;2a;2a;2a;2a;2a;2a;2a;2a;2a,104,data,stage3/sg9_2a2a2a2a2a2a2a2a2a2a2a2a2a2a2a2a2a2a2a_v1.pt
R112,sg7_2a_2a_2a_2a_2a_2a_2a_2a_2a_2a,7,2a;2a;2a;2a;2a;2a;2a;2a;2a;2a,SG7|2a;2a;2a;2a;2a;2a;2a;2a;2a;2a,137,data,stage3/sg7_2a2a2a2a2a2a2a2a2a2a_v1.pt
R113,sg4_2a_2a_2a_2a_2a_2a_2a_2a_2a_2a_2a,4,2a;2a;2a;2a;2a;2a;2a;2a;2a;2a;2a,SG4|2a;2a;2a;2a;2a;2a;2a;2a;2a;2a;2a,112,data,stage3/sg4_2a2a2a2a2a2a2a2a2a2a2a_v1.pt
R114,sg61_8c_8c_8c_8c_8c_8c_8c_8c_8c_8c,61,8c;8c;8c;8c;8c;8c;8c;8c;8c;8c,SG61|8c;8c;8c;8c;8c;8c;8c;8c;8c;8c,128,data,stage3/sg61_8c8c8c8c8c8c8c8c8c8c_v1.pt
R115,sg61_8c_8c_8c_8c_8c_8c_8c_8c,61,8c;8c;8c;8c;8c;8c;8c;8c,SG61|8c;8c;8c;8c;8c;8c;8c;8c,164,data,stage3/sg61_8c8c8c8c8c8c8c8c_v1.pt
R116,sg62_4c_4c_4c_4c_4c_4c_4c_4c_4c,62,4c;4c;4c;4c;4c;4c;4c;4c;4c,SG62|4c;4c;4c;4c;4c;4c;4c;4c;4c,142,data,stage3/sg62_4c4c4c4c4c4c4c4c4c_v1.pt
R117,sg62_4c_4c_4c_4c_4c_4c_4c,62,4c;4c;4c;4c;4c;4c;4c,SG62|4c;4c;4c;4c;4c;4c;4c,304,data,stage3/sg62_4c4c4c4c4c4c4c_v1.pt
R118,sg62_4c_4c_4c_4c_4c_8d_8d,62,4c;4c;4c;4c;4c;8d;8d,SG62|4c;4c;4c;4c;4c;8d;8d,122,data,stage3/sg62_4c4c4c4c4c8d8d_v1.pt
R119,sg62_4c_4c_4c_4c_8d_8d,62,4c;4c;4c;4c;8d;8d,SG62|4c;4c;4c;4c;8d;8d,252,data,stage3/sg62_4c4c4c4c8d8d_v1.pt
R120,sg62_4c_4c_4c_4c_4c_8d,62,4c;4c;4c;4c;4c;8d,SG62|4c;4c;4c;4c;4c;8d,213,data,stage3/sg62_4c4c4c4c4c8d_v1.pt
R121,sg62_4c_4c_4c_8d_8d_8d,62,4c;4c;4c;8d;8d;8d,SG62|4c;4c;4c;8d;8d;8d,158,data,stage3/sg62_4c4c4c8d8d8d_v1.pt
R122,sg62_4c_4c_4c_4c_4c_4c,62,4c;4c;4c;4c;4c;4c,SG62|4c;4c;4c;4c;4c;4c,141,data,stage3/sg62_4c4c4c4c4c4c_v1.pt
R123,sg62_4a_4c_4c_4c_4c_8d,62,4a;4c;4c;4c;4c;8d,SG62|4a;4c;4c;4c;4c;8d,129,data,stage3/sg62_4a4c4c4c4c8d_v1.pt
R124,sg38_1a_1a_1b_1b_2c_2c_2d_2e_4f,38,1a;1a;1b;1b;2c;2c;2d;2e;4f,SG38|1a;1a;1b;1b;2c;2c;2d;2e;4f,448,data,stage3/sg38_1a1a1b1b2c2c2d2e4f_v1.pt
